family,case,backend,strict,repeat,outcome,mismatches,import_ms,read_ms,arrays_ms,scene_ms,materialize_ms,total_ms,cold_process_ms,peak_rss_bytes,scene_rss_bytes,rusage_peak_rss_bytes,faces,vertices,resources,instances,bbox,minimum,volume,unique_array_bytes,materialized_array_bytes,native_version,warnings,error_type,error,harness_sha256
corpus,core-basic,current,False,0,ready,[],546.0694009998406,1.6545279995625606,0.1377830012643244,0.4487429996515857,0.10280099922965746,548.6206980003772,686.7015900006663,105664512,105451520,177315840,4,4,1,1,"[10.0,20.0,30.0]","[0.0,0.0,0.0]",1000.0,192,192,,,,,b57a3bead5fee5a0135f08ce0d8c5d55c670967639df708de9d6af4605128d3d
corpus,core-basic,lib3mf-public,False,0,ready,[],139.33188800001517,1.7321659997833194,0.27802200020232704,0.8462389996566344,0.10658599967428017,149.36666199901083,246.19780300054117,49020928,48758784,177315840,4,4,1,1,"[10.0,20.0,30.0]","[0.0,0.0,0.0]",1000.0,192,192,"[2,5,0]",[],,,b57a3bead5fee5a0135f08ce0d8c5d55c670967639df708de9d6af4605128d3d
corpus,core-basic,lib3mf-buffer,False,0,ready,[],135.0150800008123,1.7763539999577915,0.2083630006382009,0.904440999875078,0.10566499986452982,145.0621290005074,235.74108499997237,49131520,48865280,177315840,4,4,1,1,"[10.0,20.0,30.0]","[0.0,0.0,0.0]",1000.0,192,192,"[2,5,0]",[],,,b57a3bead5fee5a0135f08ce0d8c5d55c670967639df708de9d6af4605128d3d
corpus,unit-micron,current,False,0,ready,[],552.5989289999416,1.7365649982821196,0.1419770014763344,0.49374999980500434,0.1038230002450291,555.3563389985356,696.7645949989674,105738240,105525248,177315840,4,4,1,1,"[0.01,0.02,0.03]","[0.0,0.0,0.0]",1e-06,192,192,,,,,b57a3bead5fee5a0135f08ce0d8c5d55c670967639df708de9d6af4605128d3d
corpus,unit-micron,lib3mf-public,False,0,ready,[],145.69345800009614,1.631614999496378,0.21818300047016237,0.9387070003867848,0.10791500062623527,155.51148099984857,253.7309910003387,49033216,48766976,177315840,4,4,1,1,"[0.01,0.02,0.03]","[0.0,0.0,0.0]",1e-06,192,192,"[2,5,0]",[],,,b57a3bead5fee5a0135f08ce0d8c5d55c670967639df708de9d6af4605128d3d
corpus,unit-micron,lib3mf-buffer,False,0,ready,[],147.53619700059062,1.684292999925674,0.2198189995397115,0.9318550019088434,0.10893800026678946,157.41129799971532,260.1451380014623,49225728,48959488,177315840,4,4,1,1,"[0.01,0.02,0.03]","[0.0,0.0,0.0]",1e-06,192,192,"[2,5,0]",[],,,b57a3bead5fee5a0135f08ce0d8c5d55c670967639df708de9d6af4605128d3d
corpus,unit-millimeter,current,False,0,ready,[],546.1457090004842,1.5536689970758744,0.13676100206794217,0.49661500088404864,0.10187999941990711,548.6708199987334,685.4059940014849,105721856,105508864,177315840,4,4,1,1,"[10.0,20.0,30.0]","[0.0,0.0,0.0]",1000.0,192,192,,,,,b57a3bead5fee5a0135f08ce0d8c5d55c670967639df708de9d6af4605128d3d
corpus,unit-millimeter,lib3mf-public,False,0,ready,[],141.39373100078956,1.7056719989341218,0.25449500026297756,0.8770280001044739,0.10678999933588784,151.4307559991721,247.32318700080214,49065984,48799744,177315840,4,4,1,1,"[10.0,20.0,30.0]","[0.0,0.0,0.0]",1000.0,192,192,"[2,5,0]",[],,,b57a3bead5fee5a0135f08ce0d8c5d55c670967639df708de9d6af4605128d3d
corpus,unit-millimeter,lib3mf-buffer,False,0,ready,[],145.03850000073726,1.6757009998400463,0.19025800065719523,0.8790730007603997,0.1070969992724713,154.72180800134083,253.75932600036322,49131520,48865280,177315840,4,4,1,1,"[10.0,20.0,30.0]","[0.0,0.0,0.0]",1000.0,192,192,"[2,5,0]",[],,,b57a3bead5fee5a0135f08ce0d8c5d55c670967639df708de9d6af4605128d3d
corpus,unit-centimeter,current,False,0,ready,[],552.1318770006474,1.6134090019477298,0.20375899839564227,0.4297169998608297,0.10085699977935292,554.6917659994506,695.4681820006954,105672704,105459712,177315840,4,4,1,1,"[100.0,200.0,300.0]","[0.0,0.0,0.0]",1000000.0,192,192,,,,,b57a3bead5fee5a0135f08ce0d8c5d55c670967639df708de9d6af4605128d3d
corpus,unit-centimeter,lib3mf-public,False,0,ready,[],145.35150499978045,1.8020280003838707,0.2288209998368984,0.9901590001391014,0.1454560006095562,155.6375010004558,249.74283799929253,49016832,48754688,177315840,4,4,1,1,"[100.0,200.0,300.0]","[0.0,0.0,0.0]",1000000.0,192,192,"[2,5,0]",[],,,b57a3bead5fee5a0135f08ce0d8c5d55c670967639df708de9d6af4605128d3d
corpus,unit-centimeter,lib3mf-buffer,False,0,ready,[],136.99672900111182,1.6588229991612025,0.17297100021096412,0.8496150003338698,0.1237699998455355,146.56414300043252,236.175201000151,49127424,48861184,177315840,4,4,1,1,"[100.0,200.0,300.0]","[0.0,0.0,0.0]",1000000.0,192,192,"[2,5,0]",[],,,b57a3bead5fee5a0135f08ce0d8c5d55c670967639df708de9d6af4605128d3d
corpus,unit-inch,current,False,0,ready,[],554.1741830002138,1.6647569991619093,0.13717000001634005,0.46828000085952226,0.10515299982216675,556.762713000353,704.5464500006346,105672704,105459712,177315840,4,4,1,1,"[254.0,508.0,762.0]","[0.0,0.0,0.0]",16387064.0,192,192,,,,,b57a3bead5fee5a0135f08ce0d8c5d55c670967639df708de9d6af4605128d3d
corpus,unit-inch,lib3mf-public,False,0,ready,[],134.6303699992859,1.5870160004851641,0.3070719994866522,1.0107199996127747,0.11231300049985293,144.61174899952312,237.80906600040908,49025024,48762880,177315840,4,4,1,1,"[254.0,508.0,762.0]","[0.0,0.0,0.0]",16387064.0,192,192,"[2,5,0]",[],,,b57a3bead5fee5a0135f08ce0d8c5d55c670967639df708de9d6af4605128d3d
corpus,unit-inch,lib3mf-buffer,False,0,ready,[],141.39823200093815,1.6739620004955214,0.18187100067734718,0.9636649992899038,0.16110500109789427,151.35096999983944,246.22859100054484,49090560,48824320,177315840,4,4,1,1,"[254.0,508.0,762.0]","[0.0,0.0,0.0]",16387064.0,192,192,"[2,5,0]",[],,,b57a3bead5fee5a0135f08ce0d8c5d55c670967639df708de9d6af4605128d3d
corpus,unit-foot,current,False,0,ready,[],546.1664730009943,1.6628149969619699,0.19424600031925365,0.42889799988188315,0.10075500176753849,548.7628800001403,686.1310160002176,105697280,105484288,177315840,4,4,1,1,"[3048.0,6096.0,9144.0]","[0.0,0.0,0.0]",28316846592.0,192,192,,,,,b57a3bead5fee5a0135f08ce0d8c5d55c670967639df708de9d6af4605128d3d
corpus,unit-foot,lib3mf-public,False,0,ready,[],138.78648600075394,1.720363999993424,0.24676999964867719,0.8317680003528949,0.1085659987438703,148.6670710000908,240.0094180011365,49049600,48783360,177315840,4,4,1,1,"[3048.0,6096.0,9144.0]","[0.0,0.0,0.0]",28316846592.0,192,192,"[2,5,0]",[],,,b57a3bead5fee5a0135f08ce0d8c5d55c670967639df708de9d6af4605128d3d
corpus,unit-foot,lib3mf-buffer,False,0,ready,[],141.32771999902616,1.7454179997002939,0.17965400002140086,0.8622189998277463,0.13158399997337256,151.55895699899702,249.97015400003875,49184768,48918528,177315840,4,4,1,1,"[3048.0,6096.0,9144.0]","[0.0,0.0,0.0]",28316846592.0,192,192,"[2,5,0]",[],,,b57a3bead5fee5a0135f08ce0d8c5d55c670967639df708de9d6af4605128d3d
corpus,unit-meter,current,False,0,ready,[],550.0653110011626,1.6596649984421674,0.13698100156034343,0.45697799941990525,0.10103000022354536,552.6360800013208,697.8855430006661,105689088,105476096,177315840,4,4,1,1,"[10000.0,20000.0,30000.0]","[0.0,0.0,0.0]",1000000000000.0,192,192,,,,,b57a3bead5fee5a0135f08ce0d8c5d55c670967639df708de9d6af4605128d3d
corpus,unit-meter,lib3mf-public,False,0,ready,[],145.11146200129588,2.4994779996632133,0.3147000006720191,1.3062629986961838,0.14044400086277165,156.20135300014226,253.63789399852976,49025024,48762880,177315840,4,4,1,1,"[10000.0,20000.0,30000.0]","[0.0,0.0,0.0]",1000000000000.0,192,192,"[2,5,0]",[],,,b57a3bead5fee5a0135f08ce0d8c5d55c670967639df708de9d6af4605128d3d
corpus,unit-meter,lib3mf-buffer,False,0,ready,[],140.72856600068917,1.74266800058831,0.18342200019105803,0.9155860007012961,0.13015699914831202,151.99984299943026,252.28814399997646,49168384,48898048,177315840,4,4,1,1,"[10000.0,20000.0,30000.0]","[0.0,0.0,0.0]",1000000000000.0,192,192,"[2,5,0]",[],,,b57a3bead5fee5a0135f08ce0d8c5d55c670967639df708de9d6af4605128d3d
corpus,unit-unsupported,current,False,0,refused,[],555.7728019994101,1.012440001431969,0.0,0.0,0.0,556.822516999091,696.1312639996322,103989248,,177315840,,,,,,,,,,,,GeometryError,unsupported_unit,b57a3bead5fee5a0135f08ce0d8c5d55c670967639df708de9d6af4605128d3d
corpus,unit-unsupported,lib3mf-public,False,0,ready,"[""outcome""]",138.2228769998619,1.9977889987785602,0.22629900013271254,0.9544909989926964,0.10856699918804225,148.70444900043367,241.15394999898854,49684480,49422336,177315840,4,4,1,1,"[10.0,20.0,30.0]","[0.0,0.0,0.0]",1000.0,192,192,"[2,5,0]","[[32798,""Invalid Model Unit""]]",,,b57a3bead5fee5a0135f08ce0d8c5d55c670967639df708de9d6af4605128d3d
corpus,unit-unsupported,lib3mf-buffer,False,0,ready,"[""outcome""]",135.1275050001277,1.6813570000522304,0.1966620002349373,0.8316650000779191,0.11620500117714982,144.5919510006206,245.17264899986912,49786880,49520640,177315840,4,4,1,1,"[10.0,20.0,30.0]","[0.0,0.0,0.0]",1000.0,192,192,"[2,5,0]","[[32798,""Invalid Model Unit""]]",,,b57a3bead5fee5a0135f08ce0d8c5d55c670967639df708de9d6af4605128d3d
corpus,nested-reflection,current,False,0,ready,[],545.3556980010035,1.6413320026913425,0.16397000035794917,0.5954879998171236,0.1072429986379575,548.0722070005868,688.6431180009822,105738240,105529344,177315840,4,4,1,1,"[508.0,1016.0,1524.0]","[2108.2,5181.6,7747.0]",131096512.00000127,192,192,,,,,b57a3bead5fee5a0135f08ce0d8c5d55c670967639df708de9d6af4605128d3d
corpus,nested-reflection,lib3mf-public,False,0,ready,[],145.0094129995705,1.6342029994120821,0.21641999956045765,1.1524769997777184,0.113760999738588,155.2039859998331,252.57911500011687,49217536,48955392,177315840,4,4,1,1,"[508.0,1016.0,1524.0]","[2108.2,5181.6,7747.0]",131096512.00000127,192,192,"[2,5,0]",[],,,b57a3bead5fee5a0135f08ce0d8c5d55c670967639df708de9d6af4605128d3d
corpus,nested-reflection,lib3mf-buffer,False,0,ready,[],142.65384299869766,1.71435499942163,0.17466400095145218,1.0892310001509031,0.11009500121872406,152.5343260000227,245.4512969998177,49319936,49053696,177446912,4,4,1,1,"[508.0,1016.0,1524.0]","[2108.2,5181.6,7747.0]",131096512.00000127,192,192,"[2,5,0]",[],,,b57a3bead5fee5a0135f08ce0d8c5d55c670967639df708de9d6af4605128d3d
corpus,build-multiple,current,False,0,ready,[],546.550950000892,1.626769000722561,0.1403419992129784,0.5835709998791572,0.12944499940203968,549.2899670007318,694.3017229987163,105668608,105459712,177446912,8,8,1,2,"[60.0,20.0,30.0]","[0.0,0.0,0.0]",2000.0,192,384,,,,,b57a3bead5fee5a0135f08ce0d8c5d55c670967639df708de9d6af4605128d3d
corpus,build-multiple,lib3mf-public,False,0,ready,[],139.26026899935096,1.6608869991614483,0.24463199952151626,1.128339001297718,0.15765600073791575,149.42876999884902,244.87159499949485,49065984,48795648,177446912,8,8,1,2,"[60.0,20.0,30.0]","[0.0,0.0,0.0]",2000.0,192,384,"[2,5,0]",[],,,b57a3bead5fee5a0135f08ce0d8c5d55c670967639df708de9d6af4605128d3d
corpus,build-multiple,lib3mf-buffer,False,0,ready,[],141.66003999889654,1.6554890007682843,0.17710899919620715,1.2116480011172825,0.1348429996141931,151.77771999879042,250.35950699930254,49143808,48873472,177446912,8,8,1,2,"[60.0,20.0,30.0]","[0.0,0.0,0.0]",2000.0,192,384,"[2,5,0]",[],,,b57a3bead5fee5a0135f08ce0d8c5d55c670967639df708de9d6af4605128d3d
corpus,printable-false,current,False,0,ready,[],544.1304019987001,1.6028339996410068,0.1351490027445834,0.550879000002169,0.10194699825660791,546.7341679996025,684.0567380004359,105586688,105373696,177446912,4,4,1,1,"[10.0,20.0,30.0]","[0.0,0.0,0.0]",1000.0,192,192,,,,,b57a3bead5fee5a0135f08ce0d8c5d55c670967639df708de9d6af4605128d3d
corpus,printable-false,lib3mf-public,False,0,ready,"[""faces"",""instances"",""bbox""]",137.82598699981463,1.7301409989158856,0.25491800079180393,1.0966649988404242,0.16753499949118122,147.98308100034774,240.7463680010551,49184768,48914432,177446912,8,8,1,2,"[60.0,20.0,30.0]","[0.0,0.0,0.0]",2000.0,192,384,"[2,5,0]","[[32935,""Invalid Attribute in namespace.""]]",,,b57a3bead5fee5a0135f08ce0d8c5d55c670967639df708de9d6af4605128d3d
corpus,printable-false,lib3mf-buffer,False,0,ready,"[""faces"",""instances"",""bbox""]",143.60792600018613,1.651821999985259,0.17313599892077036,1.1147950008307816,0.16071200116130058,153.8950760004809,248.97706500087224,49283072,49012736,177446912,8,8,1,2,"[60.0,20.0,30.0]","[0.0,0.0,0.0]",2000.0,192,384,"[2,5,0]","[[32935,""Invalid Attribute in namespace.""]]",,,b57a3bead5fee5a0135f08ce0d8c5d55c670967639df708de9d6af4605128d3d
corpus,printable-0,current,False,0,ready,[],550.7913639994513,1.652228997045313,0.13311200200405437,0.45188600051915273,0.12710199916909914,553.3668179996312,690.8659849996184,105529344,105316352,177446912,4,4,1,1,"[10.0,20.0,30.0]","[0.0,0.0,0.0]",1000.0,192,192,,,,,b57a3bead5fee5a0135f08ce0d8c5d55c670967639df708de9d6af4605128d3d
corpus,printable-0,lib3mf-public,False,0,ready,"[""faces"",""instances"",""bbox""]",139.22900199941068,1.6797280004539061,0.23353000142378733,1.085767997210496,0.13301000035426114,149.08381999885023,240.48717199912062,49188864,48922624,177446912,8,8,1,2,"[60.0,20.0,30.0]","[0.0,0.0,0.0]",2000.0,192,384,"[2,5,0]","[[32935,""Invalid Attribute in namespace.""]]",,,b57a3bead5fee5a0135f08ce0d8c5d55c670967639df708de9d6af4605128d3d
corpus,printable-0,lib3mf-buffer,False,0,ready,"[""faces"",""instances"",""bbox""]",139.20517099904828,1.6378700001951074,0.16967299961834215,1.105424998968374,0.13443500029097777,149.16987899960077,245.71955499959586,49303552,49033216,177446912,8,8,1,2,"[60.0,20.0,30.0]","[0.0,0.0,0.0]",2000.0,192,384,"[2,5,0]","[[32935,""Invalid Attribute in namespace.""]]",,,b57a3bead5fee5a0135f08ce0d8c5d55c670967639df708de9d6af4605128d3d
corpus,root-relationship,current,False,0,ready,[],545.5620890006685,1.5620459998899605,0.2307169997948222,0.4233210001984844,0.10183499944105279,548.0915660009487,688.201492999724,105611264,105398272,177446912,4,4,1,1,"[10.0,20.0,30.0]","[0.0,0.0,0.0]",1000.0,192,192,,,,,b57a3bead5fee5a0135f08ce0d8c5d55c670967639df708de9d6af4605128d3d
corpus,root-relationship,lib3mf-public,False,0,ready,[],140.68357999894943,1.696665000054054,0.2786620007100282,0.9802370004763361,0.10542000018176623,150.91100599966012,245.84998600039398,49020928,48758784,177446912,4,4,1,1,"[10.0,20.0,30.0]","[0.0,0.0,0.0]",1000.0,192,192,"[2,5,0]",[],,,b57a3bead5fee5a0135f08ce0d8c5d55c670967639df708de9d6af4605128d3d
corpus,root-relationship,lib3mf-buffer,False,0,ready,[],142.66003500051738,1.7370309997204458,0.257147999946028,0.9437640001124237,0.12130100003560074,152.666682999552,252.71727600011218,49094656,48828416,177446912,4,4,1,1,"[10.0,20.0,30.0]","[0.0,0.0,0.0]",1000.0,192,192,"[2,5,0]",[],,,b57a3bead5fee5a0135f08ce0d8c5d55c670967639df708de9d6af4605128d3d
corpus,production-external,current,False,0,ready,[],557.0421270003862,1.915702998303459,0.1362570001219865,0.6946070006961236,0.10634300087986048,560.1154050000332,710.3799550004624,105717760,105508864,177446912,4,4,1,1,"[10.0,20.0,30.0]","[0.0,0.0,0.0]",1000.0,192,192,,,,,b57a3bead5fee5a0135f08ce0d8c5d55c670967639df708de9d6af4605128d3d
corpus,production-external,lib3mf-public,False,0,ready,[],140.49609799985774,1.8436800000927178,0.2572510002210038,1.1960969986830605,0.11074800022470299,150.950756000384,246.11604799974884,49369088,49102848,177446912,4,4,1,1,"[10.0,20.0,30.0]","[0.0,0.0,0.0]",1000.0,192,192,"[2,5,0]",[],,,b57a3bead5fee5a0135f08ce0d8c5d55c670967639df708de9d6af4605128d3d
corpus,production-external,lib3mf-buffer,False,0,ready,[],143.02731600037077,2.1216250006546034,0.22026599981472827,1.2085960006515961,0.10839199967449531,153.6882059990603,251.60119099928124,49291264,49029120,177446912,4,4,1,1,"[10.0,20.0,30.0]","[0.0,0.0,0.0]",1000.0,192,192,"[2,5,0]",[],,,b57a3bead5fee5a0135f08ce0d8c5d55c670967639df708de9d6af4605128d3d
corpus,unknown-required-extension,current,False,0,ready,"[""outcome""]",543.4146089992282,1.5970859967637807,0.1353350016870536,0.4562070007523289,0.1008100007311441,545.9156050001184,695.2031969995005,105811968,105598976,177446912,4,4,1,1,"[10.0,20.0,30.0]","[0.0,0.0,0.0]",1000.0,192,192,,,,,b57a3bead5fee5a0135f08ce0d8c5d55c670967639df708de9d6af4605128d3d
corpus,unknown-required-extension,lib3mf-public,False,0,ready,"[""outcome""]",138.90003800042905,1.8834309994417708,0.1981369987333892,0.8638540020911023,0.10603500049910508,148.54227300020284,248.5623360007594,49233920,48967680,177446912,4,4,1,1,"[10.0,20.0,30.0]","[0.0,0.0,0.0]",1000.0,192,192,"[2,5,0]","[[32914,""A required extension is not supported""]]",,,b57a3bead5fee5a0135f08ce0d8c5d55c670967639df708de9d6af4605128d3d
corpus,unknown-required-extension,lib3mf-buffer,False,0,ready,"[""outcome""]",140.1184700007434,1.7829280004661996,0.17242200010514352,0.9047319999808678,0.10613700032990891,150.40162799959944,246.03982500048005,49246208,48979968,177446912,4,4,1,1,"[10.0,20.0,30.0]","[0.0,0.0,0.0]",1000.0,192,192,"[2,5,0]","[[32914,""A required extension is not supported""]]",,,b57a3bead5fee5a0135f08ce0d8c5d55c670967639df708de9d6af4605128d3d
corpus,nonfinite-vertex,current,False,0,refused,[],550.8167869993486,1.716847002171562,0.17457399917475414,0.4084659994987305,0.0,553.1815249996725,692.9999189997034,105426944,105418752,177446912,,,,,,,,,,,,GeometryError,nonfinite_geometry,b57a3bead5fee5a0135f08ce0d8c5d55c670967639df708de9d6af4605128d3d
corpus,nonfinite-vertex,lib3mf-public,False,0,refused,[],138.92616200064367,1.9697950010595378,0.0,0.0,0.0,147.1709870002087,240.01743699955114,47783936,,177446912,,,,,,,,,,,,ELib3MFException,Lib3MFException 5: Invalid Model Coordinates,b57a3bead5fee5a0135f08ce0d8c5d55c670967639df708de9d6af4605128d3d
corpus,nonfinite-vertex,lib3mf-buffer,False,0,refused,[],140.61370900162729,1.8719559993769508,0.0,0.0,0.0,148.94213200022932,243.77118500160577,47677440,,177446912,,,,,,,,,,,,ELib3MFException,Lib3MFException 5: Invalid Model Coordinates,b57a3bead5fee5a0135f08ce0d8c5d55c670967639df708de9d6af4605128d3d
corpus,invalid-face-index,current,False,0,refused,[],538.4081100000913,1.408168001944432,0.13902399768994655,0.44780600001104176,0.0,540.4500299991923,680.146100001366,105504768,105496576,177446912,,,,,,,,,,,,GeometryError,invalid_faces,b57a3bead5fee5a0135f08ce0d8c5d55c670967639df708de9d6af4605128d3d
corpus,invalid-face-index,lib3mf-public,False,0,refused,[],141.08579700041446,1.9012569991900818,0.0,0.0,0.0,149.42067400079395,245.3623269993841,47788032,,177446912,,,,,,,,,,,,ELib3MFException,Lib3MFException 5: Invalid model node index,b57a3bead5fee5a0135f08ce0d8c5d55c670967639df708de9d6af4605128d3d
corpus,invalid-face-index,lib3mf-buffer,False,0,refused,[],140.4776560011669,1.849827000114601,0.0,0.0,0.0,148.9972500003205,240.75128199910978,47755264,,177446912,,,,,,,,,,,,ELib3MFException,Lib3MFException 5: Invalid model node index,b57a3bead5fee5a0135f08ce0d8c5d55c670967639df708de9d6af4605128d3d
corpus,duplicate-object-id,current,False,0,refused,[],544.5374559985794,1.5654270009690663,0.23092099945642985,0.015162999261519872,0.0,546.4295939982549,696.3856679994933,104157184,104148992,177446912,,,,,,,,,,,,GeometryError,duplicate_resource,b57a3bead5fee5a0135f08ce0d8c5d55c670967639df708de9d6af4605128d3d
corpus,duplicate-object-id,lib3mf-public,False,0,refused,[],139.40398700106016,1.732317999994848,0.0,0.0,0.0,147.52833000056853,244.56752500009316,47874048,,177446912,,,,,,,,,,,,ELib3MFException,Lib3MFException 5: Duplicate Resource ID,b57a3bead5fee5a0135f08ce0d8c5d55c670967639df708de9d6af4605128d3d
corpus,duplicate-object-id,lib3mf-buffer,False,0,refused,[],141.5859549997549,2.1597369996015914,0.0,0.0,0.0,150.45018899945717,253.49886199910543,47869952,,177446912,,,,,,,,,,,,ELib3MFException,Lib3MFException 5: Duplicate Resource ID,b57a3bead5fee5a0135f08ce0d8c5d55c670967639df708de9d6af4605128d3d
corpus,singular-transform,current,False,0,refused,[],558.1705050008168,1.434600999346003,0.13697500071430113,0.26892899950325955,0.0,560.1055700008146,699.8675160011771,105144320,105140224,177446912,,,,,,,,,,,,GeometryError,degenerate_transform,b57a3bead5fee5a0135f08ce0d8c5d55c670967639df708de9d6af4605128d3d
corpus,singular-transform,lib3mf-public,False,0,refused,[],140.30615600131568,1.671667001573951,0.2137100000254577,0.0,0.0,149.6107180009858,245.37851399873034,48373760,,177446912,,,,,,,,,,"[2,5,0]",[],GeometryError,degenerate_transform,b57a3bead5fee5a0135f08ce0d8c5d55c670967639df708de9d6af4605128d3d
corpus,singular-transform,lib3mf-buffer,False,0,refused,[],144.2100960011885,1.7142870001407573,0.19332200099597685,0.0,0.0,153.49949400115293,255.5148619994725,48451584,,177446912,,,,,,,,,,"[2,5,0]",[],GeometryError,degenerate_transform,b57a3bead5fee5a0135f08ce0d8c5d55c670967639df708de9d6af4605128d3d
corpus,nonfinite-transform,current,False,0,refused,[],553.6538409996865,1.584980000188807,0.14209399887477048,0.055361000704579055,0.0,555.4810779995023,694.4857939997746,104218624,104214528,177446912,,,,,,,,,,,,GeometryError,invalid_transform,b57a3bead5fee5a0135f08ce0d8c5d55c670967639df708de9d6af4605128d3d
corpus,nonfinite-transform,lib3mf-public,False,0,refused,[],139.9986109991005,1.7591619998711394,0.2307759987161262,0.0,0.0,153.09242100011033,248.31303099927027,47583232,,177446912,,,,,,,,,,"[2,5,0]",[],GeometryError,invalid_transform,b57a3bead5fee5a0135f08ce0d8c5d55c670967639df708de9d6af4605128d3d
corpus,nonfinite-transform,lib3mf-buffer,False,0,refused,[],139.09304100161535,1.6771450009400724,0.18207699940830935,0.0,0.0,147.7552670003206,243.02088300100877,47661056,,177446912,,,,,,,,,,"[2,5,0]",[],GeometryError,invalid_transform,b57a3bead5fee5a0135f08ce0d8c5d55c670967639df708de9d6af4605128d3d
corpus,reachable-cycle,current,False,0,refused,[],555.0073000013072,1.3210899996920489,0.0,0.5173219997232081,0.0,556.8897950015526,698.1083070004388,105238528,105234432,177446912,,,,,,,,,,,,GeometryError,cyclic_resource,b57a3bead5fee5a0135f08ce0d8c5d55c670967639df708de9d6af4605128d3d
corpus,reachable-cycle,lib3mf-public,False,0,refused,[],147.74316900002304,1.701032999335439,0.0,0.0,0.0,155.82522700060508,256.4859220001381,47747072,,177446912,,,,,,,,,,,,ELib3MFException,Lib3MFException 5: Could not find Object associated to Component,b57a3bead5fee5a0135f08ce0d8c5d55c670967639df708de9d6af4605128d3d
corpus,reachable-cycle,lib3mf-buffer,False,0,refused,[],138.72796299983747,1.8134980000468204,0.0,0.0,0.0,146.92750999893178,240.72953399991093,47673344,,177446912,,,,,,,,,,,,ELib3MFException,Lib3MFException 5: Could not find Object associated to Component,b57a3bead5fee5a0135f08ce0d8c5d55c670967639df708de9d6af4605128d3d
corpus,unreachable-invalid-resource,current,False,0,ready,[],558.0502330012678,1.8338989993935684,0.3913240016117925,0.47867200009932276,0.1060069989762269,561.0835300012695,704.4251539991819,105635840,105426944,177446912,4,4,1,1,"[10.0,20.0,30.0]","[0.0,0.0,0.0]",1000.0,192,192,,,,,b57a3bead5fee5a0135f08ce0d8c5d55c670967639df708de9d6af4605128d3d
corpus,unreachable-invalid-resource,lib3mf-public,False,0,refused,"[""outcome"",""faces"",""instances"",""bbox""]",140.4842550000467,2.53811899892753,0.0,0.0,0.0,150.09623700098018,250.2325360001123,47951872,,177446912,,,,,,,,,,,,ELib3MFException,Lib3MFException 5: Invalid Model Coordinates,b57a3bead5fee5a0135f08ce0d8c5d55c670967639df708de9d6af4605128d3d
corpus,unreachable-invalid-resource,lib3mf-buffer,False,0,refused,"[""outcome"",""faces"",""instances"",""bbox""]",150.80065999973158,2.6685259999794653,0.0,0.0,0.0,161.8099049992452,265.9715989993856,47788032,,177446912,,,,,,,,,,,,ELib3MFException,Lib3MFException 5: Invalid Model Coordinates,b57a3bead5fee5a0135f08ce0d8c5d55c670967639df708de9d6af4605128d3d
corpus,unreachable-invalid-part,current,False,0,refused,"[""outcome"",""faces"",""instances"",""bbox""]",559.2353789998015,1.4246360005927272,0.15132099906622898,0.0,0.0,560.853267001221,709.5066199999565,104361984,,177446912,,,,,,,,,,,,GeometryError,invalid_3mf,b57a3bead5fee5a0135f08ce0d8c5d55c670967639df708de9d6af4605128d3d
corpus,unreachable-invalid-part,lib3mf-public,False,0,ready,[],140.63024499955645,1.943290000781417,0.2237009994132677,0.9016749991133111,0.14455499876930844,151.09253899936448,247.8288230013277,49111040,48844800,177446912,4,4,1,1,"[10.0,20.0,30.0]","[0.0,0.0,0.0]",1000.0,192,192,"[2,5,0]",[],,,b57a3bead5fee5a0135f08ce0d8c5d55c670967639df708de9d6af4605128d3d
corpus,unreachable-invalid-part,lib3mf-buffer,False,0,ready,[],139.11200700022164,1.7255349994229618,0.17972000023291912,0.8721489994059084,0.11256799916736782,148.8891520002653,240.66268900060095,49106944,48844800,177446912,4,4,1,1,"[10.0,20.0,30.0]","[0.0,0.0,0.0]",1000.0,192,192,"[2,5,0]",[],,,b57a3bead5fee5a0135f08ce0d8c5d55c670967639df708de9d6af4605128d3d
corpus,expanded-budget,current,False,0,refused,[],545.5597620002663,1.4562119995389367,0.13994199980515987,0.6086680004955269,0.0,547.8126660000271,685.013780999725,105394176,105390080,177446912,,,,,,,,,,,,GeometryError,scene_resource_limit,b57a3bead5fee5a0135f08ce0d8c5d55c670967639df708de9d6af4605128d3d
corpus,expanded-budget,lib3mf-public,False,0,refused,[],139.72764800018922,1.7484999989392236,0.2180620012950385,0.0,0.0,149.56661199903465,248.46691499988083,48820224,,177446912,,,,,,,,,,"[2,5,0]",[],GeometryError,scene_resource_limit,b57a3bead5fee5a0135f08ce0d8c5d55c670967639df708de9d6af4605128d3d
corpus,expanded-budget,lib3mf-buffer,False,0,refused,[],140.24548300039896,1.665970001340611,0.18361500042374246,0.0,0.0,150.26201399996353,245.70406999919214,48889856,,177446912,,,,,,,,,,"[2,5,0]",[],GeometryError,scene_resource_limit,b57a3bead5fee5a0135f08ce0d8c5d55c670967639df708de9d6af4605128d3d
corpus,exact-budget,current,False,0,ready,[],553.8065709988587,1.714872998491046,0.14301800001703668,0.513529001182178,0.09944500015990343,556.4900649987976,696.5377839987923,105664512,105451520,177446912,4,4,1,1,"[10.0,20.0,30.0]","[0.0,0.0,0.0]",1000.0,192,192,,,,,b57a3bead5fee5a0135f08ce0d8c5d55c670967639df708de9d6af4605128d3d
corpus,exact-budget,lib3mf-public,False,0,ready,[],137.21023900143337,1.6462860003230162,0.2109890010615345,0.8959329989011167,0.10610900062602013,146.8001789999107,237.90056200050458,49057792,48791552,177446912,4,4,1,1,"[10.0,20.0,30.0]","[0.0,0.0,0.0]",1000.0,192,192,"[2,5,0]",[],,,b57a3bead5fee5a0135f08ce0d8c5d55c670967639df708de9d6af4605128d3d
corpus,exact-budget,lib3mf-buffer,False,0,ready,[],140.93288799995207,1.780794000296737,0.1855629998317454,0.8580010016885353,0.10446899977978319,150.66369299893267,246.56453100033104,49238016,48971776,177446912,4,4,1,1,"[10.0,20.0,30.0]","[0.0,0.0,0.0]",1000.0,192,192,"[2,5,0]",[],,,b57a3bead5fee5a0135f08ce0d8c5d55c670967639df708de9d6af4605128d3d
corpus,exponential-expansion,current,False,0,refused,[],550.9614019993023,2.344660000744625,0.14599099995393772,244.11375999989104,0.0,798.2635729986214,936.9004960008169,106151936,106147840,177446912,,,,,,,,,,,,GeometryError,scene_resource_limit,b57a3bead5fee5a0135f08ce0d8c5d55c670967639df708de9d6af4605128d3d
corpus,exponential-expansion,lib3mf-public,False,0,refused,[],140.61653099997784,42.960093000147026,0.22333299966703635,0.0,0.0,437.4755720000394,536.2119059991528,49623040,,177446912,,,,,,,,,,"[2,5,0]",[],GeometryError,scene_resource_limit,b57a3bead5fee5a0135f08ce0d8c5d55c670967639df708de9d6af4605128d3d
corpus,exponential-expansion,lib3mf-buffer,False,0,refused,[],139.99132000026293,42.00550600035058,0.18345299940847326,0.0,0.0,437.8596570004447,531.4567249988613,49680384,,177446912,,,,,,,,,,"[2,5,0]",[],GeometryError,scene_resource_limit,b57a3bead5fee5a0135f08ce0d8c5d55c670967639df708de9d6af4605128d3d
corpus,unused-vertex,current,False,0,ready,"[""bbox""]",543.60242400071,1.6893169995455537,0.1398899985360913,0.45147300079406705,0.10144100087927654,546.2209680008527,685.2127060010389,105627648,105414656,177577984,4,5,1,1,"[1000.0,1000.0,1000.0]","[0.0,0.0,0.0]",1000.0,216,216,,,,,b57a3bead5fee5a0135f08ce0d8c5d55c670967639df708de9d6af4605128d3d
corpus,unused-vertex,lib3mf-public,False,0,ready,"[""bbox""]",146.29323000008299,1.693612000963185,0.2294690002599964,0.9914000002027024,0.11064399950555526,156.22563699980674,255.34714000059466,49074176,48807936,177577984,4,5,1,1,"[1000.0,1000.0,1000.0]","[0.0,0.0,0.0]",1000.0,216,216,"[2,5,0]",[],,,b57a3bead5fee5a0135f08ce0d8c5d55c670967639df708de9d6af4605128d3d
corpus,unused-vertex,lib3mf-buffer,False,0,ready,"[""bbox""]",138.9128980008536,1.6793979993963148,0.18713400095293764,0.8950719984568423,0.11013299990736414,148.41704500031483,242.18641900006332,49197056,48926720,177577984,4,5,1,1,"[1000.0,1000.0,1000.0]","[0.0,0.0,0.0]",1000.0,216,216,"[2,5,0]",[],,,b57a3bead5fee5a0135f08ce0d8c5d55c670967639df708de9d6af4605128d3d
corpus,large-coordinate-precision,current,False,0,ready,[],551.1087389986642,1.6049539990490302,0.14397999984794296,0.42478300019865856,0.10123699939867947,553.5931189988332,694.0870420003193,105746432,105533440,177577984,4,4,1,1,"[10.0,20.0,30.0]","[1000000000.0,1000000000.0,1000000000.0]",-6999998464.0,192,192,,,,,b57a3bead5fee5a0135f08ce0d8c5d55c670967639df708de9d6af4605128d3d
corpus,large-coordinate-precision,lib3mf-public,False,0,ready,"[""bbox""]",136.65778200083878,1.6686600010871189,0.24173999918275513,0.9274890016968129,0.1100310000765603,146.17092800108367,238.11467300038203,49061888,48795648,177577984,4,4,1,1,"[0.0,0.0,0.0]","[1000000000.0,1000000000.0,1000000000.0]",0.0,192,192,"[2,5,0]",[],,,b57a3bead5fee5a0135f08ce0d8c5d55c670967639df708de9d6af4605128d3d
corpus,large-coordinate-precision,lib3mf-buffer,False,0,ready,"[""bbox""]",136.32339499963564,1.7556829989189282,0.20318899987614714,0.9849569996731589,0.10829200073203538,146.5369119996467,249.55713799863588,49197056,48934912,177577984,4,4,1,1,"[0.0,0.0,0.0]","[1000000000.0,1000000000.0,1000000000.0]",0.0,192,192,"[2,5,0]",[],,,b57a3bead5fee5a0135f08ce0d8c5d55c670967639df708de9d6af4605128d3d
corpus,open-surface,current,False,0,ready,[],551.0709039990616,1.693611000519013,0.14070899851503782,0.4634380002244143,0.09990700164053123,553.6802440001338,698.2349690006231,105590784,105377792,177577984,3,4,1,1,"[10.0,20.0,30.0]","[0.0,0.0,0.0]",1000.0,168,168,,,,,b57a3bead5fee5a0135f08ce0d8c5d55c670967639df708de9d6af4605128d3d
corpus,open-surface,lib3mf-public,False,0,ready,[],137.93980199989164,1.8464889999449952,0.21034699966548942,0.9931389995472273,0.12199499906273559,147.95759600019665,241.34012399917992,49065984,48799744,177577984,3,4,1,1,"[10.0,20.0,30.0]","[0.0,0.0,0.0]",1000.0,168,168,"[2,5,0]",[],,,b57a3bead5fee5a0135f08ce0d8c5d55c670967639df708de9d6af4605128d3d
corpus,open-surface,lib3mf-buffer,False,0,ready,[],143.2152360011969,1.7378900010953657,0.18570199972600676,0.9709480000310577,0.10870100049942266,153.4402070010401,252.02495200028352,49160192,48893952,177577984,3,4,1,1,"[10.0,20.0,30.0]","[0.0,0.0,0.0]",1000.0,168,168,"[2,5,0]",[],,,b57a3bead5fee5a0135f08ce0d8c5d55c670967639df708de9d6af4605128d3d
corpus,BambuStudio,current,False,0,ready,[],548.3549069995206,1.7279720013902988,0.15185399934125599,0.532768999619293,0.10133799878531136,551.1252030009928,690.103545999591,105746432,105537536,177577984,12,8,1,1,"[5.000000003999986,5.000000003999986,0.8499999996]","[80.29456119800001,83.56946339800001,2.000000165480742e-10]",21.250000024000617,480,480,,,,,b57a3bead5fee5a0135f08ce0d8c5d55c670967639df708de9d6af4605128d3d
corpus,BambuStudio,lib3mf-public,False,0,refused,"[""outcome""]",142.7753190000658,2.1967259999655653,0.0,0.0,0.0,151.3102560002153,243.74249200081977,48001024,,177577984,,,,,,,,,,,,ELib3MFException,Lib3MFException 5: Build item not found,b57a3bead5fee5a0135f08ce0d8c5d55c670967639df708de9d6af4605128d3d
corpus,BambuStudio,lib3mf-buffer,False,0,refused,"[""outcome""]",139.72953699885693,2.151834001779207,0.0,0.0,0.0,148.27439399959985,243.9977310004906,47976448,,177577984,,,,,,,,,,,,ELib3MFException,Lib3MFException 5: Build item not found,b57a3bead5fee5a0135f08ce0d8c5d55c670967639df708de9d6af4605128d3d
corpus,OrcaSlicer,current,False,0,ready,[],545.2269079996768,54.81138699906296,33.13833000356681,1.4163879986881511,1.2414229986461578,650.5725009992602,809.724073000325,129699840,128425984,177577984,15160,7602,11,11,"[123.0,94.0,2.0]","[-37.0,34.0,0.0]",14002.02349372219,546288,546288,,,,,b57a3bead5fee5a0135f08ce0d8c5d55c670967639df708de9d6af4605128d3d
corpus,OrcaSlicer,lib3mf-public,False,0,ready,[],151.64801799983252,25.559102999977767,34.052829003485385,3.3703519966366002,0.5134420007379958,224.96274599870958,325.12401699932525,51339264,50065408,177577984,15160,7602,11,11,"[123.0,94.0,2.0]","[-37.0,34.0,0.0]",14002.023471069464,546288,546288,"[2,5,0]",[],,,b57a3bead5fee5a0135f08ce0d8c5d55c670967639df708de9d6af4605128d3d
corpus,OrcaSlicer,lib3mf-buffer,False,0,ready,[],143.69339999939257,25.585280998711823,1.9962979986303253,3.6025820027134614,0.496774000566802,185.59715699848311,290.0484959991445,51015680,49766400,177577984,15160,7602,11,11,"[123.0,94.0,2.0]","[-37.0,34.0,0.0]",14002.023471069464,546288,546288,"[2,5,0]",[],,,b57a3bead5fee5a0135f08ce0d8c5d55c670967639df708de9d6af4605128d3d
corpus,PrusaSlicer,current,False,0,ready,[],545.0453990015376,2.199179998569889,0.48634299855621066,0.6014870014041662,0.136618000396993,548.7631240011979,691.697659998681,105623552,105410560,177577984,72,48,2,2,"[179.4675176,80.99788329999998,36.0]","[72.5751419,151.59987660000002,0.0]",279935.99072323163,2880,2880,,,,,b57a3bead5fee5a0135f08ce0d8c5d55c670967639df708de9d6af4605128d3d
corpus,PrusaSlicer,lib3mf-public,False,0,ready,[],140.67052400059765,2.759662000244134,0.454542001534719,1.1722949984687148,0.20482400032051373,152.3674090003624,245.84820800009766,49287168,49008640,177577984,72,48,2,2,"[179.46751403808594,80.99787902832031,36.0]","[72.57514190673828,151.5998764038086,0.0]",279935.9904985425,2880,2880,"[2,5,0]","[[32935,""Invalid Attribute in namespace.""],[32935,""Invalid Attribute in namespace.""]]",,,b57a3bead5fee5a0135f08ce0d8c5d55c670967639df708de9d6af4605128d3d
corpus,PrusaSlicer,lib3mf-buffer,False,0,ready,[],143.5912430006283,2.3434679987985874,0.39349300095636863,1.1578760004340438,0.14173099953040946,154.8856369990972,256.93245900038164,49311744,49045504,177577984,72,48,2,2,"[179.46751403808594,80.99787902832031,36.0]","[72.57514190673828,151.5998764038086,0.0]",279935.9904985425,2880,2880,"[2,5,0]","[[32935,""Invalid Attribute in namespace.""],[32935,""Invalid Attribute in namespace.""]]",,,b57a3bead5fee5a0135f08ce0d8c5d55c670967639df708de9d6af4605128d3d
strict,core-basic,lib3mf-buffer,True,0,ready,[],138.6230810003326,1.9626879984571133,0.2168239989259746,0.9390960003656801,0.10541600022406783,148.71529400079453,242.54266000025382,49106944,48840704,177012736,4,4,1,1,"[10.0,20.0,30.0]","[0.0,0.0,0.0]",1000.0,192,192,"[2,5,0]",[],,,b57a3bead5fee5a0135f08ce0d8c5d55c670967639df708de9d6af4605128d3d
strict,unit-micron,lib3mf-buffer,True,0,ready,[],140.41098999950918,1.742817001286312,0.18148199887946248,0.9771800014277687,0.10734500028775074,150.6956529992749,247.07961100102693,49086464,48820224,177012736,4,4,1,1,"[0.01,0.02,0.03]","[0.0,0.0,0.0]",1e-06,192,192,"[2,5,0]",[],,,b57a3bead5fee5a0135f08ce0d8c5d55c670967639df708de9d6af4605128d3d
strict,unit-millimeter,lib3mf-buffer,True,0,ready,[],137.7526369997213,1.6993509998428635,0.17853699864645023,0.947525000810856,0.1069390000338899,147.46218400068756,240.98335599956044,49106944,48840704,177012736,4,4,1,1,"[10.0,20.0,30.0]","[0.0,0.0,0.0]",1000.0,192,192,"[2,5,0]",[],,,b57a3bead5fee5a0135f08ce0d8c5d55c670967639df708de9d6af4605128d3d
strict,unit-centimeter,lib3mf-buffer,True,0,ready,[],145.70352400005504,1.7587620004633209,0.1807710013963515,0.9707819990580902,0.10775199916679412,156.57569299946772,252.20945100045356,49094656,48828416,177143808,4,4,1,1,"[100.0,200.0,300.0]","[0.0,0.0,0.0]",1000000.0,192,192,"[2,5,0]",[],,,b57a3bead5fee5a0135f08ce0d8c5d55c670967639df708de9d6af4605128d3d
strict,unit-inch,lib3mf-buffer,True,0,ready,[],138.62927599984687,1.8358430006628623,0.21113599905220326,0.8913649999158224,0.13781199959339574,148.52578899990476,242.30247899868118,49131520,48865280,177143808,4,4,1,1,"[254.0,508.0,762.0]","[0.0,0.0,0.0]",16387064.0,192,192,"[2,5,0]",[],,,b57a3bead5fee5a0135f08ce0d8c5d55c670967639df708de9d6af4605128d3d
strict,unit-foot,lib3mf-buffer,True,0,ready,[],137.25155599968275,1.698945001407992,0.21814400133735035,0.9315809984400403,0.10937700062640943,147.06286299951898,240.36446799982514,49111040,48844800,177143808,4,4,1,1,"[3048.0,6096.0,9144.0]","[0.0,0.0,0.0]",28316846592.0,192,192,"[2,5,0]",[],,,b57a3bead5fee5a0135f08ce0d8c5d55c670967639df708de9d6af4605128d3d
strict,unit-meter,lib3mf-buffer,True,0,ready,[],136.9867970006453,1.6575099998590304,0.21326899877749383,0.9109660022659227,0.10978299906128086,146.5130329997919,239.65753099946596,49152000,48885760,177143808,4,4,1,1,"[10000.0,20000.0,30000.0]","[0.0,0.0,0.0]",1000000000000.0,192,192,"[2,5,0]",[],,,b57a3bead5fee5a0135f08ce0d8c5d55c670967639df708de9d6af4605128d3d
strict,unit-unsupported,lib3mf-buffer,True,0,refused,[],148.66857799825084,1.7733859986037714,0.0,0.0,0.0,156.63906499867153,249.9280779993569,47706112,,177143808,,,,,,,,,,,,ELib3MFException,Lib3MFException 5: Invalid Model Unit,b57a3bead5fee5a0135f08ce0d8c5d55c670967639df708de9d6af4605128d3d
strict,nested-reflection,lib3mf-buffer,True,0,ready,[],138.4009760004119,1.7013819997373503,0.18178699974669144,1.279616999454447,0.13964000027044676,148.55950499986648,240.41088000012678,49287168,49020928,177143808,4,4,1,1,"[508.0,1016.0,1524.0]","[2108.2,5181.6,7747.0]",131096512.00000127,192,192,"[2,5,0]",[],,,b57a3bead5fee5a0135f08ce0d8c5d55c670967639df708de9d6af4605128d3d
strict,build-multiple,lib3mf-buffer,True,0,ready,[],137.9803269992408,1.697218000117573,0.1799589990696404,1.1747080006898614,0.1420780008629663,148.56346599844983,247.45415200050047,49127424,48857088,177143808,8,8,1,2,"[60.0,20.0,30.0]","[0.0,0.0,0.0]",2000.0,192,384,"[2,5,0]",[],,,b57a3bead5fee5a0135f08ce0d8c5d55c670967639df708de9d6af4605128d3d
strict,printable-false,lib3mf-buffer,True,0,refused,"[""outcome"",""faces"",""instances"",""bbox""]",145.210364000377,1.8471160001354292,0.0,0.0,0.0,153.60322599917708,247.6227370007109,47824896,,177143808,,,,,,,,,,,,ELib3MFException,Lib3MFException 5: Invalid Attribute in namespace.,b57a3bead5fee5a0135f08ce0d8c5d55c670967639df708de9d6af4605128d3d
strict,printable-0,lib3mf-buffer,True,0,refused,"[""outcome"",""faces"",""instances"",""bbox""]",138.66360199972405,1.9810699996014591,0.0,0.0,0.0,147.01218499976676,241.16392399992037,47898624,,177143808,,,,,,,,,,,,ELib3MFException,Lib3MFException 5: Invalid Attribute in namespace.,b57a3bead5fee5a0135f08ce0d8c5d55c670967639df708de9d6af4605128d3d
strict,root-relationship,lib3mf-buffer,True,0,ready,[],138.7142790008511,1.7610969989618752,0.2063629999611294,0.8272819995909231,0.11100200026703533,148.58489500147698,243.27011199966364,49127424,48861184,177143808,4,4,1,1,"[10.0,20.0,30.0]","[0.0,0.0,0.0]",1000.0,192,192,"[2,5,0]",[],,,b57a3bead5fee5a0135f08ce0d8c5d55c670967639df708de9d6af4605128d3d
strict,production-external,lib3mf-buffer,True,0,ready,[],137.98469500034116,1.9101830002909992,0.18270099826622754,1.1831370011350373,0.10927599942078814,148.45967499968538,244.12115899940545,49389568,49123328,177143808,4,4,1,1,"[10.0,20.0,30.0]","[0.0,0.0,0.0]",1000.0,192,192,"[2,5,0]",[],,,b57a3bead5fee5a0135f08ce0d8c5d55c670967639df708de9d6af4605128d3d
strict,unknown-required-extension,lib3mf-buffer,True,0,refused,[],138.64349399955245,1.6968119998637121,0.0,0.0,0.0,146.6763370008266,240.52848300016194,47632384,,177143808,,,,,,,,,,,,ELib3MFException,Lib3MFException 5: A required extension is not supported,b57a3bead5fee5a0135f08ce0d8c5d55c670967639df708de9d6af4605128d3d
strict,nonfinite-vertex,lib3mf-buffer,True,0,refused,[],137.3216299998603,1.8314770004508318,0.0,0.0,0.0,145.8476329989935,242.3655440015864,47648768,,177143808,,,,,,,,,,,,ELib3MFException,Lib3MFException 5: Invalid Model Coordinates,b57a3bead5fee5a0135f08ce0d8c5d55c670967639df708de9d6af4605128d3d
strict,invalid-face-index,lib3mf-buffer,True,0,refused,[],138.00277200061828,1.8356400014454266,0.0,0.0,0.0,146.32078599970555,240.09808499977225,47800320,,177143808,,,,,,,,,,,,ELib3MFException,Lib3MFException 5: Invalid model node index,b57a3bead5fee5a0135f08ce0d8c5d55c670967639df708de9d6af4605128d3d
strict,duplicate-object-id,lib3mf-buffer,True,0,refused,[],138.91099400098028,2.0696270003099926,0.0,0.0,0.0,148.61272100097267,249.5758789991669,47865856,,177143808,,,,,,,,,,,,ELib3MFException,Lib3MFException 5: Duplicate Resource ID,b57a3bead5fee5a0135f08ce0d8c5d55c670967639df708de9d6af4605128d3d
strict,singular-transform,lib3mf-buffer,True,0,refused,[],140.20655499916757,1.6896010001801187,0.17894299890031107,0.0,0.0,149.46508799948788,249.1384740005742,48562176,,177143808,,,,,,,,,,"[2,5,0]",[],GeometryError,degenerate_transform,b57a3bead5fee5a0135f08ce0d8c5d55c670967639df708de9d6af4605128d3d
strict,nonfinite-transform,lib3mf-buffer,True,0,refused,[],144.55156400072156,1.7802920010581147,0.18249799904879183,0.0,0.0,153.60281900029804,254.65483800144284,47681536,,177143808,,,,,,,,,,"[2,5,0]",[],GeometryError,invalid_transform,b57a3bead5fee5a0135f08ce0d8c5d55c670967639df708de9d6af4605128d3d
strict,reachable-cycle,lib3mf-buffer,True,0,refused,[],141.6634899997007,1.8233519986097235,0.0,0.0,0.0,150.15608099929523,253.0160159985826,47648768,,177143808,,,,,,,,,,,,ELib3MFException,Lib3MFException 5: Could not find Object associated to Component,b57a3bead5fee5a0135f08ce0d8c5d55c670967639df708de9d6af4605128d3d
strict,unreachable-invalid-resource,lib3mf-buffer,True,0,refused,"[""outcome"",""faces"",""instances"",""bbox""]",140.29095000114467,1.8562570003268775,0.0,0.0,0.0,148.71986400066817,246.29660800019337,47837184,,177143808,,,,,,,,,,,,ELib3MFException,Lib3MFException 5: Invalid Model Coordinates,b57a3bead5fee5a0135f08ce0d8c5d55c670967639df708de9d6af4605128d3d
strict,unreachable-invalid-part,lib3mf-buffer,True,0,ready,[],137.29878000049212,1.669899000262376,0.17132700122601818,0.9281269994971808,0.10765099978016224,147.1714269991935,240.72012000033283,49242112,48975872,177143808,4,4,1,1,"[10.0,20.0,30.0]","[0.0,0.0,0.0]",1000.0,192,192,"[2,5,0]",[],,,b57a3bead5fee5a0135f08ce0d8c5d55c670967639df708de9d6af4605128d3d
strict,expanded-budget,lib3mf-buffer,True,0,refused,[],140.32664200021827,1.7490139998699306,0.17698100054985844,0.0,0.0,150.14430600058404,242.95644700032426,48893952,,177143808,,,,,,,,,,"[2,5,0]",[],GeometryError,scene_resource_limit,b57a3bead5fee5a0135f08ce0d8c5d55c670967639df708de9d6af4605128d3d
strict,exact-budget,lib3mf-buffer,True,0,ready,[],139.84214899937797,1.7663110011199024,0.26202200024272315,0.9157929998764303,0.10830999963218346,150.00636199874862,246.48216999958095,49102848,48836608,177274880,4,4,1,1,"[10.0,20.0,30.0]","[0.0,0.0,0.0]",1000.0,192,192,"[2,5,0]",[],,,b57a3bead5fee5a0135f08ce0d8c5d55c670967639df708de9d6af4605128d3d
strict,exponential-expansion,lib3mf-buffer,True,0,refused,[],139.87777200054552,42.64163600055326,0.1853199992183363,0.0,0.0,448.5515540000051,543.8789920008276,49651712,,177274880,,,,,,,,,,"[2,5,0]",[],GeometryError,scene_resource_limit,b57a3bead5fee5a0135f08ce0d8c5d55c670967639df708de9d6af4605128d3d
strict,unused-vertex,lib3mf-buffer,True,0,ready,"[""bbox""]",142.48883499931253,1.9037570000364212,0.19994000103906728,0.9726239986775909,0.11222200009797234,152.91661499941256,259.140590998868,49258496,48992256,177274880,4,5,1,1,"[1000.0,1000.0,1000.0]","[0.0,0.0,0.0]",1000.0,216,216,"[2,5,0]",[],,,b57a3bead5fee5a0135f08ce0d8c5d55c670967639df708de9d6af4605128d3d
strict,large-coordinate-precision,lib3mf-buffer,True,0,ready,"[""bbox""]",139.70913000048313,1.9587349997891579,0.19499799964250997,0.9803459997783648,0.13023899919062387,149.78212399910262,244.19757899886463,49209344,48943104,177274880,4,4,1,1,"[0.0,0.0,0.0]","[1000000000.0,1000000000.0,1000000000.0]",0.0,192,192,"[2,5,0]",[],,,b57a3bead5fee5a0135f08ce0d8c5d55c670967639df708de9d6af4605128d3d
strict,open-surface,lib3mf-buffer,True,0,ready,[],139.7264269999141,1.9148760002281051,0.1967489988601301,0.9820950017456198,0.11500199980218895,150.23749799911457,246.79474300137372,49111040,48844800,177274880,3,4,1,1,"[10.0,20.0,30.0]","[0.0,0.0,0.0]",1000.0,168,168,"[2,5,0]",[],,,b57a3bead5fee5a0135f08ce0d8c5d55c670967639df708de9d6af4605128d3d
strict,BambuStudio,lib3mf-buffer,True,0,refused,"[""outcome""]",140.9476890003134,2.216947999841068,0.0,0.0,0.0,149.60648200030846,242.4499039989314,48058368,,177274880,,,,,,,,,,,,ELib3MFException,"Lib3MFException 5: A UUID for a build, build item or object is missing.",b57a3bead5fee5a0135f08ce0d8c5d55c670967639df708de9d6af4605128d3d
strict,OrcaSlicer,lib3mf-buffer,True,0,ready,[],139.00573600039934,25.58422000038263,1.9983739985036664,3.659359001176199,0.5245599986665184,180.56911500025308,282.617922001009,51023872,49774592,177274880,15160,7602,11,11,"[123.0,94.0,2.0]","[-37.0,34.0,0.0]",14002.023471069464,546288,546288,"[2,5,0]",[],,,b57a3bead5fee5a0135f08ce0d8c5d55c670967639df708de9d6af4605128d3d
strict,PrusaSlicer,lib3mf-buffer,True,0,refused,"[""outcome""]",150.16944499984675,3.6779950005438877,0.0,0.0,0.0,162.76629899948603,278.81854199949885,48160768,,177274880,,,,,,,,,,,,ELib3MFException,Lib3MFException 5: Invalid Attribute in namespace.,b57a3bead5fee5a0135f08ce0d8c5d55c670967639df708de9d6af4605128d3d
series,core-basic,current,False,0,ready,[],553.2091599998239,1.6143480006576283,0.13909299923398066,0.4871869987255195,0.09955800123861991,555.7675090003613,697.2964870001306,105672704,105459712,201302016,4,4,1,1,"[10.0,20.0,30.0]","[0.0,0.0,0.0]",1000.0,192,192,,,,,b57a3bead5fee5a0135f08ce0d8c5d55c670967639df708de9d6af4605128d3d
series,core-basic,lib3mf-public,False,0,ready,[],140.75073400090332,1.5113919998839265,0.21239799934846815,0.8590630004619015,0.12879800124210306,150.2650900001754,247.02165800044895,49037312,48771072,201302016,4,4,1,1,"[10.0,20.0,30.0]","[0.0,0.0,0.0]",1000.0,192,192,"[2,5,0]",[],,,b57a3bead5fee5a0135f08ce0d8c5d55c670967639df708de9d6af4605128d3d
series,core-basic,lib3mf-buffer,False,0,ready,[],142.8443420008989,1.9147729999531293,0.22537000040756539,0.8852150003804127,0.11191299927304499,154.19996000127867,261.3403459999972,49164288,48898048,201302016,4,4,1,1,"[10.0,20.0,30.0]","[0.0,0.0,0.0]",1000.0,192,192,"[2,5,0]",[],,,b57a3bead5fee5a0135f08ce0d8c5d55c670967639df708de9d6af4605128d3d
series,load-5000-copies-1,current,False,0,ready,[],576.0847130004549,19.86584699807281,13.477537000653683,0.6255600001168204,0.1975720006157644,614.6687560012651,766.9751520006685,115433472,115220480,201302016,5000,5000,1,1,"[24990.0,20.0,30.0]","[0.0,0.0,0.0]",1250000.0,240000,240000,,,,,b57a3bead5fee5a0135f08ce0d8c5d55c670967639df708de9d6af4605128d3d
series,load-5000-copies-1,lib3mf-public,False,0,ready,[],137.8050980001717,8.373604001462809,16.65811400016537,1.0254000007989816,0.21065099826955702,171.54713399941102,265.21931200113613,51372032,51109888,201302016,5000,5000,1,1,"[24990.0,20.0,30.0]","[0.0,0.0,0.0]",1250000.0,240000,240000,"[2,5,0]",[],,,b57a3bead5fee5a0135f08ce0d8c5d55c670967639df708de9d6af4605128d3d
series,load-5000-copies-1,lib3mf-buffer,False,0,ready,[],139.79304199892795,8.515027999237645,0.6129049997980474,0.9539200000290293,0.2050179991783807,157.59565499865857,252.46116999915102,49287168,49025024,201302016,5000,5000,1,1,"[24990.0,20.0,30.0]","[0.0,0.0,0.0]",1250000.0,240000,240000,"[2,5,0]",[],,,b57a3bead5fee5a0135f08ce0d8c5d55c670967639df708de9d6af4605128d3d
series,load-20000-copies-1,current,False,0,ready,[],560.0399640006799,77.0606489986676,63.98339500083239,0.7336430007853778,1.0490559998288518,723.735483999917,869.7472849999031,145326080,143925248,201302016,20000,20000,1,1,"[99990.0,20.0,30.0]","[0.0,0.0,0.0]",5000000.0,960000,960000,,,,,b57a3bead5fee5a0135f08ce0d8c5d55c670967639df708de9d6af4605128d3d
series,load-20000-copies-1,lib3mf-public,False,0,ready,[],142.76140699985262,27.976530000159983,69.82949600023858,1.3380479995248606,0.8306220006488729,254.55876999876637,357.08063099991705,54996992,52146176,201302016,20000,20000,1,1,"[99990.0,20.0,30.0]","[0.0,0.0,0.0]",5000000.0,960000,960000,"[2,5,0]",[],,,b57a3bead5fee5a0135f08ce0d8c5d55c670967639df708de9d6af4605128d3d
series,load-20000-copies-1,lib3mf-buffer,False,0,ready,[],137.0956450009544,28.07955100070103,1.7643680002947804,1.0777290008263662,0.7524860011471901,180.48594300125842,278.09493799941265,52273152,49512448,201302016,20000,20000,1,1,"[99990.0,20.0,30.0]","[0.0,0.0,0.0]",5000000.0,960000,960000,"[2,5,0]",[],,,b57a3bead5fee5a0135f08ce0d8c5d55c670967639df708de9d6af4605128d3d
series,core-basic,lib3mf-buffer,False,1,ready,[],138.2108559992048,1.811168000131147,0.1753209999151295,0.8445490002486622,0.17685600141703617,148.1262979996245,241.28776299949095,49098752,48832512,201302016,4,4,1,1,"[10.0,20.0,30.0]","[0.0,0.0,0.0]",1000.0,192,192,"[2,5,0]",[],,,b57a3bead5fee5a0135f08ce0d8c5d55c670967639df708de9d6af4605128d3d
series,core-basic,lib3mf-public,False,1,ready,[],138.74296200083336,1.5142899992497405,0.2124940001522191,0.8312359987030504,0.13661099910677876,148.07550400109903,239.88069200095197,49049600,48779264,201302016,4,4,1,1,"[10.0,20.0,30.0]","[0.0,0.0,0.0]",1000.0,192,192,"[2,5,0]",[],,,b57a3bead5fee5a0135f08ce0d8c5d55c670967639df708de9d6af4605128d3d
series,core-basic,current,False,1,ready,[],557.3440019998088,1.6688210016582161,0.13282200052344706,0.5077339992567431,0.09810600022319704,559.9598819990206,702.9541629999585,105566208,105353216,201302016,4,4,1,1,"[10.0,20.0,30.0]","[0.0,0.0,0.0]",1000.0,192,192,,,,,b57a3bead5fee5a0135f08ce0d8c5d55c670967639df708de9d6af4605128d3d
series,load-5000-copies-1,lib3mf-buffer,False,1,ready,[],137.71909799834248,8.283383000161848,0.6293930000538239,1.0472119993210072,0.21239200032141525,155.59308899901225,249.5475930008979,49340416,49074176,201302016,5000,5000,1,1,"[24990.0,20.0,30.0]","[0.0,0.0,0.0]",1250000.0,240000,240000,"[2,5,0]",[],,,b57a3bead5fee5a0135f08ce0d8c5d55c670967639df708de9d6af4605128d3d
series,load-5000-copies-1,lib3mf-public,False,1,ready,[],137.4186360008025,8.437198999672546,16.68842600156495,0.9779859992704587,0.22293999973044265,171.62693000136642,267.6083730002574,51507200,51245056,201302016,5000,5000,1,1,"[24990.0,20.0,30.0]","[0.0,0.0,0.0]",1250000.0,240000,240000,"[2,5,0]",[],,,b57a3bead5fee5a0135f08ce0d8c5d55c670967639df708de9d6af4605128d3d
series,load-5000-copies-1,current,False,1,ready,[],539.9590030010586,20.29898500040872,13.439364000078058,0.5728640007873764,0.196826000319561,579.3396630015195,720.644741999422,115433472,115220480,201302016,5000,5000,1,1,"[24990.0,20.0,30.0]","[0.0,0.0,0.0]",1250000.0,240000,240000,,,,,b57a3bead5fee5a0135f08ce0d8c5d55c670967639df708de9d6af4605128d3d
series,load-20000-copies-1,lib3mf-buffer,False,1,ready,[],138.87660300133575,28.12420000009297,1.7950900000869296,1.048646001436282,0.794166000559926,182.86147500111838,279.52791700045054,52416512,49659904,201302016,20000,20000,1,1,"[99990.0,20.0,30.0]","[0.0,0.0,0.0]",5000000.0,960000,960000,"[2,5,0]",[],,,b57a3bead5fee5a0135f08ce0d8c5d55c670967639df708de9d6af4605128d3d
series,load-20000-copies-1,lib3mf-public,False,1,ready,[],139.27189399873896,28.38246999999683,68.77450100000715,1.1583230007090606,0.8193579997168854,250.01477299883845,349.3061070003023,55009280,52158464,201302016,20000,20000,1,1,"[99990.0,20.0,30.0]","[0.0,0.0,0.0]",5000000.0,960000,960000,"[2,5,0]",[],,,b57a3bead5fee5a0135f08ce0d8c5d55c670967639df708de9d6af4605128d3d
series,load-20000-copies-1,current,False,1,ready,[],554.767854999227,79.03587199689355,70.17174000066007,0.7393770010821754,1.1051750007027294,727.5598679989344,880.5549980006617,145326080,143998976,201302016,20000,20000,1,1,"[99990.0,20.0,30.0]","[0.0,0.0,0.0]",5000000.0,960000,960000,,,,,b57a3bead5fee5a0135f08ce0d8c5d55c670967639df708de9d6af4605128d3d
series,core-basic,current,False,2,ready,[],549.7468459998345,1.5466519980691373,0.16856100046425126,0.4881730001216056,0.10056400060420856,552.2630849991401,689.1397840008722,105672704,105459712,201302016,4,4,1,1,"[10.0,20.0,30.0]","[0.0,0.0,0.0]",1000.0,192,192,,,,,b57a3bead5fee5a0135f08ce0d8c5d55c670967639df708de9d6af4605128d3d
series,core-basic,lib3mf-public,False,2,ready,[],145.43064200006484,1.5361030000349274,0.22089100093580782,0.9691789982753107,0.10834599925146904,154.86958399924333,248.35823899957177,49078272,48816128,201302016,4,4,1,1,"[10.0,20.0,30.0]","[0.0,0.0,0.0]",1000.0,192,192,"[2,5,0]",[],,,b57a3bead5fee5a0135f08ce0d8c5d55c670967639df708de9d6af4605128d3d
series,core-basic,lib3mf-buffer,False,2,ready,[],137.91582200065022,1.7015920002450002,0.21259700042719487,0.8650299987493781,0.10834599925146904,147.822355000244,242.0900180004537,49106944,48840704,201302016,4,4,1,1,"[10.0,20.0,30.0]","[0.0,0.0,0.0]",1000.0,192,192,"[2,5,0]",[],,,b57a3bead5fee5a0135f08ce0d8c5d55c670967639df708de9d6af4605128d3d
series,load-5000-copies-1,current,False,2,ready,[],603.5642099996039,21.37446299821022,14.354574001117726,0.5337450002116384,0.19477699970593676,644.3366809999134,793.5546369990334,115548160,115335168,201302016,5000,5000,1,1,"[24990.0,20.0,30.0]","[0.0,0.0,0.0]",1250000.0,240000,240000,,,,,b57a3bead5fee5a0135f08ce0d8c5d55c670967639df708de9d6af4605128d3d
series,load-5000-copies-1,lib3mf-public,False,2,ready,[],139.97399499930907,8.474270000078832,16.675011000188533,1.0520260002522264,0.2086019994749222,174.25213000024087,268.7863669998478,51425280,51163136,201302016,5000,5000,1,1,"[24990.0,20.0,30.0]","[0.0,0.0,0.0]",1250000.0,240000,240000,"[2,5,0]",[],,,b57a3bead5fee5a0135f08ce0d8c5d55c670967639df708de9d6af4605128d3d
series,load-5000-copies-1,lib3mf-buffer,False,2,ready,[],144.91437200013024,8.574665000196546,0.634709998848848,1.2119880011596251,0.2375940002821153,163.47670100003597,262.99648600070213,49405952,49139712,201302016,5000,5000,1,1,"[24990.0,20.0,30.0]","[0.0,0.0,0.0]",1250000.0,240000,240000,"[2,5,0]",[],,,b57a3bead5fee5a0135f08ce0d8c5d55c670967639df708de9d6af4605128d3d
series,load-20000-copies-1,current,False,2,ready,[],545.9246630016423,75.41562299775251,59.462238001287915,0.6093669999245321,1.047869000103674,702.3400490015774,846.764516998519,145244160,144072704,201302016,20000,20000,1,1,"[99990.0,20.0,30.0]","[0.0,0.0,0.0]",5000000.0,960000,960000,,,,,b57a3bead5fee5a0135f08ce0d8c5d55c670967639df708de9d6af4605128d3d
series,load-20000-copies-1,lib3mf-public,False,2,ready,[],138.56410500011407,28.001837999909185,72.5843119998899,1.1750970006687567,0.8248869999079034,252.9809240004397,349.9358099998062,55894016,53043200,201302016,20000,20000,1,1,"[99990.0,20.0,30.0]","[0.0,0.0,0.0]",5000000.0,960000,960000,"[2,5,0]",[],,,b57a3bead5fee5a0135f08ce0d8c5d55c670967639df708de9d6af4605128d3d
series,load-20000-copies-1,lib3mf-buffer,False,2,ready,[],143.4501760013518,27.94910800002981,1.752885998939746,1.0054600006697,0.6927539998287102,186.4578820004681,288.94100900106423,52400128,49643520,201302016,20000,20000,1,1,"[99990.0,20.0,30.0]","[0.0,0.0,0.0]",5000000.0,960000,960000,"[2,5,0]",[],,,b57a3bead5fee5a0135f08ce0d8c5d55c670967639df708de9d6af4605128d3d
series,core-basic,lib3mf-buffer,False,3,ready,[],136.32131300073524,1.5554540004814044,0.20795900127268396,0.8043479992920766,0.10535900037211832,145.63349300078698,236.9338290009182,49102848,48836608,201302016,4,4,1,1,"[10.0,20.0,30.0]","[0.0,0.0,0.0]",1000.0,192,192,"[2,5,0]",[],,,b57a3bead5fee5a0135f08ce0d8c5d55c670967639df708de9d6af4605128d3d
series,core-basic,lib3mf-public,False,3,ready,[],137.3599849994207,1.7252950001420686,0.21817800006829202,0.8451220001006732,0.12671700096689165,147.1644199991715,239.42290200102434,49041408,48779264,201302016,4,4,1,1,"[10.0,20.0,30.0]","[0.0,0.0,0.0]",1000.0,192,192,"[2,5,0]",[],,,b57a3bead5fee5a0135f08ce0d8c5d55c670967639df708de9d6af4605128d3d
series,core-basic,current,False,3,ready,[],551.8950850000692,1.5742549985588994,0.133359999381355,0.44105699998908676,0.10055700113298371,554.3833400006406,695.9276500001579,105742336,105529344,201302016,4,4,1,1,"[10.0,20.0,30.0]","[0.0,0.0,0.0]",1000.0,192,192,,,,,b57a3bead5fee5a0135f08ce0d8c5d55c670967639df708de9d6af4605128d3d
series,load-5000-copies-1,lib3mf-buffer,False,3,ready,[],140.67241299926536,8.434662999206921,0.5452929999592016,1.0049479988083476,0.19671799964271486,158.82423899893183,252.75089100068726,49283072,49016832,201302016,5000,5000,1,1,"[24990.0,20.0,30.0]","[0.0,0.0,0.0]",1250000.0,240000,240000,"[2,5,0]",[],,,b57a3bead5fee5a0135f08ce0d8c5d55c670967639df708de9d6af4605128d3d
series,load-5000-copies-1,lib3mf-public,False,3,ready,[],143.19582200005243,8.573949999117758,16.740974000640563,1.080774998627021,0.20121400120842736,177.81536200163828,274.1797870003211,51437568,51175424,201302016,5000,5000,1,1,"[24990.0,20.0,30.0]","[0.0,0.0,0.0]",1250000.0,240000,240000,"[2,5,0]",[],,,b57a3bead5fee5a0135f08ce0d8c5d55c670967639df708de9d6af4605128d3d
series,load-5000-copies-1,current,False,3,ready,[],563.0042989996582,22.005459999490995,13.511729001038475,0.5525480009964667,0.19303899898659438,603.2558039987634,747.082963000139,115474432,115261440,201302016,5000,5000,1,1,"[24990.0,20.0,30.0]","[0.0,0.0,0.0]",1250000.0,240000,240000,,,,,b57a3bead5fee5a0135f08ce0d8c5d55c670967639df708de9d6af4605128d3d
series,load-20000-copies-1,lib3mf-buffer,False,3,ready,[],140.19701899997017,32.26679100043839,1.6579509992880048,1.1339150005369447,0.8398080008191755,188.6405860004743,286.7491079996398,52334592,49577984,201302016,20000,20000,1,1,"[99990.0,20.0,30.0]","[0.0,0.0,0.0]",5000000.0,960000,960000,"[2,5,0]",[],,,b57a3bead5fee5a0135f08ce0d8c5d55c670967639df708de9d6af4605128d3d
series,load-20000-copies-1,lib3mf-public,False,3,ready,[],145.0025630001619,28.41571300086798,69.98221600042598,1.313463999395026,0.8848749985190807,258.2086200000049,359.033898999769,54890496,52039680,201302016,20000,20000,1,1,"[99990.0,20.0,30.0]","[0.0,0.0,0.0]",5000000.0,960000,960000,"[2,5,0]",[],,,b57a3bead5fee5a0135f08ce0d8c5d55c670967639df708de9d6af4605128d3d
series,load-20000-copies-1,current,False,3,ready,[],543.8469090004219,71.5228519984521,59.43178500092472,0.7507990012527443,1.0085249996336643,695.9581020000769,842.2514440007944,145362944,144035840,201302016,20000,20000,1,1,"[99990.0,20.0,30.0]","[0.0,0.0,0.0]",5000000.0,960000,960000,,,,,b57a3bead5fee5a0135f08ce0d8c5d55c670967639df708de9d6af4605128d3d
series,core-basic,current,False,4,ready,[],563.5118819991476,1.5931630005070474,0.13632300033350475,0.45137800043448806,0.09881899859465193,566.007596999043,714.5069420002983,105635840,105422848,201302016,4,4,1,1,"[10.0,20.0,30.0]","[0.0,0.0,0.0]",1000.0,192,192,,,,,b57a3bead5fee5a0135f08ce0d8c5d55c670967639df708de9d6af4605128d3d
series,core-basic,lib3mf-public,False,4,ready,[],143.3738390005601,1.6363879985874519,0.2644710002641659,0.8644359986647032,0.11292200179013889,153.0123150005238,246.61123999976553,49139712,48873472,201302016,4,4,1,1,"[10.0,20.0,30.0]","[0.0,0.0,0.0]",1000.0,192,192,"[2,5,0]",[],,,b57a3bead5fee5a0135f08ce0d8c5d55c670967639df708de9d6af4605128d3d
series,core-basic,lib3mf-buffer,False,4,ready,[],139.43467199896986,1.6737900004955009,0.18036700021184515,0.8863059993018396,0.10505200043553486,148.8743859990791,243.6499420000473,49250304,48988160,201302016,4,4,1,1,"[10.0,20.0,30.0]","[0.0,0.0,0.0]",1000.0,192,192,"[2,5,0]",[],,,b57a3bead5fee5a0135f08ce0d8c5d55c670967639df708de9d6af4605128d3d
series,load-5000-copies-1,current,False,4,ready,[],545.1422869991802,20.11277499877906,13.658885000040755,0.5407959997683065,0.21868900148547255,585.4455009994126,741.2475349992746,115462144,115249152,201302016,5000,5000,1,1,"[24990.0,20.0,30.0]","[0.0,0.0,0.0]",1250000.0,240000,240000,,,,,b57a3bead5fee5a0135f08ce0d8c5d55c670967639df708de9d6af4605128d3d
series,load-5000-copies-1,lib3mf-public,False,4,ready,[],146.6591860007611,8.453567999822553,16.620898999462952,1.3997139994899044,0.23381400023936294,181.08262100031425,287.36818399920594,51462144,51200000,201302016,5000,5000,1,1,"[24990.0,20.0,30.0]","[0.0,0.0,0.0]",1250000.0,240000,240000,"[2,5,0]",[],,,b57a3bead5fee5a0135f08ce0d8c5d55c670967639df708de9d6af4605128d3d
series,load-5000-copies-1,lib3mf-buffer,False,4,ready,[],141.98679699984496,8.253783998952713,0.6107970002631191,0.9360719996038824,0.23054400116961915,159.9817599999369,272.63956000024336,49278976,49012736,201302016,5000,5000,1,1,"[24990.0,20.0,30.0]","[0.0,0.0,0.0]",1250000.0,240000,240000,"[2,5,0]",[],,,b57a3bead5fee5a0135f08ce0d8c5d55c670967639df708de9d6af4605128d3d
series,load-20000-copies-1,current,False,4,ready,[],583.4844349992636,82.06585699917923,64.95692099997541,0.6654610006080475,0.9790990006877109,753.1547809994663,929.0370369999437,145231872,143863808,201302016,20000,20000,1,1,"[99990.0,20.0,30.0]","[0.0,0.0,0.0]",5000000.0,960000,960000,,,,,b57a3bead5fee5a0135f08ce0d8c5d55c670967639df708de9d6af4605128d3d
series,load-20000-copies-1,lib3mf-public,False,4,ready,[],139.45230900026218,27.60710599977756,75.82095399993705,1.1662729993986432,0.8383910007978557,256.96069200057536,359.14833700007875,54890496,52039680,201302016,20000,20000,1,1,"[99990.0,20.0,30.0]","[0.0,0.0,0.0]",5000000.0,960000,960000,"[2,5,0]",[],,,b57a3bead5fee5a0135f08ce0d8c5d55c670967639df708de9d6af4605128d3d
series,load-20000-copies-1,lib3mf-buffer,False,4,ready,[],140.83656299953873,28.234990000783,1.7680960008874536,1.0289980000379728,0.7264710002345964,184.93350700009614,284.67012100009015,52273152,49512448,201302016,20000,20000,1,1,"[99990.0,20.0,30.0]","[0.0,0.0,0.0]",5000000.0,960000,960000,"[2,5,0]",[],,,b57a3bead5fee5a0135f08ce0d8c5d55c670967639df708de9d6af4605128d3d
series,core-basic,lib3mf-buffer,False,5,ready,[],138.04532700123673,1.7767829995136708,0.1835369985201396,0.9929370007739635,0.10535399997024797,147.8071279998403,243.04865300109668,49115136,48848896,201302016,4,4,1,1,"[10.0,20.0,30.0]","[0.0,0.0,0.0]",1000.0,192,192,"[2,5,0]",[],,,b57a3bead5fee5a0135f08ce0d8c5d55c670967639df708de9d6af4605128d3d
series,core-basic,lib3mf-public,False,5,ready,[],137.5781509996159,1.8113290007022442,0.22050699953979347,0.9349570009362651,0.10666700109140947,147.49247899999318,240.92913899949053,49086464,48820224,201302016,4,4,1,1,"[10.0,20.0,30.0]","[0.0,0.0,0.0]",1000.0,192,192,"[2,5,0]",[],,,b57a3bead5fee5a0135f08ce0d8c5d55c670967639df708de9d6af4605128d3d
series,core-basic,current,False,5,ready,[],669.6832260004157,1.785369002391235,0.13798100007988978,0.4986909989384003,0.10606099931464996,672.5030480010901,816.9850969989056,105795584,105582592,201302016,4,4,1,1,"[10.0,20.0,30.0]","[0.0,0.0,0.0]",1000.0,192,192,,,,,b57a3bead5fee5a0135f08ce0d8c5d55c670967639df708de9d6af4605128d3d
series,load-5000-copies-1,lib3mf-buffer,False,5,ready,[],142.1780900000158,8.389769000132219,0.5614179990516277,0.9132410013990011,0.19424399943090975,160.07016300136456,257.5779689996125,49389568,49123328,201302016,5000,5000,1,1,"[24990.0,20.0,30.0]","[0.0,0.0,0.0]",1250000.0,240000,240000,"[2,5,0]",[],,,b57a3bead5fee5a0135f08ce0d8c5d55c670967639df708de9d6af4605128d3d
series,load-5000-copies-1,lib3mf-public,False,5,ready,[],142.81920600114972,8.436334999714745,16.748325999287772,1.19213200014201,0.2493960000720108,177.35647300105484,279.81199900023057,51380224,51118080,201302016,5000,5000,1,1,"[24990.0,20.0,30.0]","[0.0,0.0,0.0]",1250000.0,240000,240000,"[2,5,0]",[],,,b57a3bead5fee5a0135f08ce0d8c5d55c670967639df708de9d6af4605128d3d
series,load-5000-copies-1,current,False,5,ready,[],563.804841000092,19.408146999921883,13.673449999259901,0.5637419999402482,0.2183859996875981,602.7851760009071,751.1788749998232,115531776,115318784,201302016,5000,5000,1,1,"[24990.0,20.0,30.0]","[0.0,0.0,0.0]",1250000.0,240000,240000,,,,,b57a3bead5fee5a0135f08ce0d8c5d55c670967639df708de9d6af4605128d3d
series,load-20000-copies-1,lib3mf-buffer,False,5,ready,[],142.2515240010398,28.158928998891497,1.7235499999515014,1.1257670012128074,0.8215230009227525,185.90119200052868,294.12434400001075,52322304,49565696,201302016,20000,20000,1,1,"[99990.0,20.0,30.0]","[0.0,0.0,0.0]",5000000.0,960000,960000,"[2,5,0]",[],,,b57a3bead5fee5a0135f08ce0d8c5d55c670967639df708de9d6af4605128d3d
series,load-20000-copies-1,lib3mf-public,False,5,ready,[],146.62782500090543,28.379536999636912,67.50936699972954,1.1844559994642623,0.8562700004404178,257.014025000899,366.5534510000725,55005184,52154368,201302016,20000,20000,1,1,"[99990.0,20.0,30.0]","[0.0,0.0,0.0]",5000000.0,960000,960000,"[2,5,0]",[],,,b57a3bead5fee5a0135f08ce0d8c5d55c670967639df708de9d6af4605128d3d
series,load-20000-copies-1,current,False,5,ready,[],560.7496640004683,73.77366399850871,60.87173500054632,0.6798030008212663,1.0138470006495481,716.4062530009687,865.1271270009602,145367040,143958016,201302016,20000,20000,1,1,"[99990.0,20.0,30.0]","[0.0,0.0,0.0]",5000000.0,960000,960000,,,,,b57a3bead5fee5a0135f08ce0d8c5d55c670967639df708de9d6af4605128d3d
series,core-basic,current,False,6,ready,[],611.0480759998609,1.855267999417265,0.14192100024956744,0.47556000026816037,0.10373800068919081,613.8698180002393,755.9892199988099,105537536,105324544,201302016,4,4,1,1,"[10.0,20.0,30.0]","[0.0,0.0,0.0]",1000.0,192,192,,,,,b57a3bead5fee5a0135f08ce0d8c5d55c670967639df708de9d6af4605128d3d
series,core-basic,lib3mf-public,False,6,ready,[],160.9980489993177,1.8320360013603931,0.2706079994823085,0.9803110006032512,0.1058590005413862,172.59289599860494,298.5124620008719,49049600,48783360,201302016,4,4,1,1,"[10.0,20.0,30.0]","[0.0,0.0,0.0]",1000.0,192,192,"[2,5,0]",[],,,b57a3bead5fee5a0135f08ce0d8c5d55c670967639df708de9d6af4605128d3d
series,core-basic,lib3mf-buffer,False,6,ready,[],154.5237520003866,1.745772999129258,0.18373900093138218,1.0377870003139833,0.10808200022438541,164.6813139996084,275.6347909999022,49098752,48832512,201302016,4,4,1,1,"[10.0,20.0,30.0]","[0.0,0.0,0.0]",1000.0,192,192,"[2,5,0]",[],,,b57a3bead5fee5a0135f08ce0d8c5d55c670967639df708de9d6af4605128d3d
series,load-5000-copies-1,current,False,6,ready,[],568.2910350005841,19.573531000787625,13.14745699892228,0.5691389997082297,0.24827000015648082,606.3900080007443,755.2235839993955,115429376,115216384,201302016,5000,5000,1,1,"[24990.0,20.0,30.0]","[0.0,0.0,0.0]",1250000.0,240000,240000,,,,,b57a3bead5fee5a0135f08ce0d8c5d55c670967639df708de9d6af4605128d3d
series,load-5000-copies-1,lib3mf-public,False,6,ready,[],146.26808799948776,8.506714999384712,17.01025900001696,1.0826519992406247,0.22301299941318575,181.4493809997657,289.2712440007017,51372032,51109888,201302016,5000,5000,1,1,"[24990.0,20.0,30.0]","[0.0,0.0,0.0]",1250000.0,240000,240000,"[2,5,0]",[],,,b57a3bead5fee5a0135f08ce0d8c5d55c670967639df708de9d6af4605128d3d
series,load-5000-copies-1,lib3mf-buffer,False,6,ready,[],145.8733920007944,8.402006998949219,0.599098999373382,1.001770999209839,0.24111199854814913,164.22520800006168,261.7720999987796,49311744,49049600,201302016,5000,5000,1,1,"[24990.0,20.0,30.0]","[0.0,0.0,0.0]",1250000.0,240000,240000,"[2,5,0]",[],,,b57a3bead5fee5a0135f08ce0d8c5d55c670967639df708de9d6af4605128d3d
series,load-20000-copies-1,current,False,6,ready,[],559.3258319986489,76.39368499985721,65.19512199884048,0.64389600083814,1.144546000432456,725.8452959995338,881.3109069997154,145260544,144007168,201302016,20000,20000,1,1,"[99990.0,20.0,30.0]","[0.0,0.0,0.0]",5000000.0,960000,960000,,,,,b57a3bead5fee5a0135f08ce0d8c5d55c670967639df708de9d6af4605128d3d
series,load-20000-copies-1,lib3mf-public,False,6,ready,[],144.1550819999975,28.810511001211125,71.70734899955278,1.1540609993971884,0.8936579997680383,258.9823250000336,360.2642050009308,54964224,52113408,201302016,20000,20000,1,1,"[99990.0,20.0,30.0]","[0.0,0.0,0.0]",5000000.0,960000,960000,"[2,5,0]",[],,,b57a3bead5fee5a0135f08ce0d8c5d55c670967639df708de9d6af4605128d3d
series,load-20000-copies-1,lib3mf-buffer,False,6,ready,[],140.64480700108106,28.804269999454846,1.7515049985377118,1.1033110004063928,0.7519459995819489,185.00849700103572,284.3531609996717,52264960,49504256,201302016,20000,20000,1,1,"[99990.0,20.0,30.0]","[0.0,0.0,0.0]",5000000.0,960000,960000,"[2,5,0]",[],,,b57a3bead5fee5a0135f08ce0d8c5d55c670967639df708de9d6af4605128d3d
series,core-basic,lib3mf-buffer,False,7,ready,[],137.46676300070249,1.5835989997867728,0.17957099953491706,0.902457999472972,0.10364900117565412,146.86317200175836,238.58738699891546,49201152,48934912,201302016,4,4,1,1,"[10.0,20.0,30.0]","[0.0,0.0,0.0]",1000.0,192,192,"[2,5,0]",[],,,b57a3bead5fee5a0135f08ce0d8c5d55c670967639df708de9d6af4605128d3d
series,core-basic,lib3mf-public,False,7,ready,[],139.09118700030376,1.6357819986296818,0.21343799926398788,0.93642900174018,0.10641199878591578,149.05424199969275,244.88904099962383,49025024,48758784,201302016,4,4,1,1,"[10.0,20.0,30.0]","[0.0,0.0,0.0]",1000.0,192,192,"[2,5,0]",[],,,b57a3bead5fee5a0135f08ce0d8c5d55c670967639df708de9d6af4605128d3d
series,core-basic,current,False,7,ready,[],558.1865479998669,1.6071320005721645,0.14028000077814795,0.4457039995031664,0.099863998912042,560.7178299997031,697.7568969996355,105750528,105537536,201302016,4,4,1,1,"[10.0,20.0,30.0]","[0.0,0.0,0.0]",1000.0,192,192,,,,,b57a3bead5fee5a0135f08ce0d8c5d55c670967639df708de9d6af4605128d3d
series,load-5000-copies-1,lib3mf-buffer,False,7,ready,[],139.32140600081766,8.461208999506198,0.5554919989663176,0.9631339999032207,0.21661000027961563,157.07844399912574,249.1764320002403,49364992,49098752,201302016,5000,5000,1,1,"[24990.0,20.0,30.0]","[0.0,0.0,0.0]",1250000.0,240000,240000,"[2,5,0]",[],,,b57a3bead5fee5a0135f08ce0d8c5d55c670967639df708de9d6af4605128d3d
series,load-5000-copies-1,lib3mf-public,False,7,ready,[],141.43092699850968,8.663085000080173,17.150794999906793,1.0662719996616943,0.26654199973563664,176.57982499986247,275.2213509993453,51503104,51240960,201302016,5000,5000,1,1,"[24990.0,20.0,30.0]","[0.0,0.0,0.0]",1250000.0,240000,240000,"[2,5,0]",[],,,b57a3bead5fee5a0135f08ce0d8c5d55c670967639df708de9d6af4605128d3d
series,load-5000-copies-1,current,False,7,ready,[],558.7238269999943,22.37891300319461,14.43359799850441,0.7457039992004866,0.26551900009508245,601.9080799997027,745.7266330002312,115494912,115281920,201302016,5000,5000,1,1,"[24990.0,20.0,30.0]","[0.0,0.0,0.0]",1250000.0,240000,240000,,,,,b57a3bead5fee5a0135f08ce0d8c5d55c670967639df708de9d6af4605128d3d
series,load-20000-copies-1,lib3mf-buffer,False,7,ready,[],140.31687199894805,28.631248000237974,1.7349289992125705,1.0260600010951748,0.737927999580279,184.6265369986213,283.4274770011689,52367360,49610752,201302016,20000,20000,1,1,"[99990.0,20.0,30.0]","[0.0,0.0,0.0]",5000000.0,960000,960000,"[2,5,0]",[],,,b57a3bead5fee5a0135f08ce0d8c5d55c670967639df708de9d6af4605128d3d
series,load-20000-copies-1,lib3mf-public,False,7,ready,[],136.77436699981627,27.755290999266435,68.65444199866033,1.1338020012772176,0.8429079989582533,246.9236639990413,341.60501599944837,54857728,52006912,201302016,20000,20000,1,1,"[99990.0,20.0,30.0]","[0.0,0.0,0.0]",5000000.0,960000,960000,"[2,5,0]",[],,,b57a3bead5fee5a0135f08ce0d8c5d55c670967639df708de9d6af4605128d3d
series,load-20000-copies-1,current,False,7,ready,[],568.5653260006802,78.96906599671638,66.7214220011374,0.6878940002934542,0.9741840003698599,738.2783869998093,887.3571860003722,145158144,143966208,201302016,20000,20000,1,1,"[99990.0,20.0,30.0]","[0.0,0.0,0.0]",5000000.0,960000,960000,,,,,b57a3bead5fee5a0135f08ce0d8c5d55c670967639df708de9d6af4605128d3d
series,core-basic,current,False,8,ready,[],547.9468220000854,1.6187959972739918,0.14764700063096825,0.4308680017857114,0.10160300007555634,550.5006139992474,696.0945120008546,105799680,105586688,201302016,4,4,1,1,"[10.0,20.0,30.0]","[0.0,0.0,0.0]",1000.0,192,192,,,,,b57a3bead5fee5a0135f08ce0d8c5d55c670967639df708de9d6af4605128d3d
series,core-basic,lib3mf-public,False,8,ready,[],139.94289400034177,1.8721400010690559,0.2130289994966006,0.9397020003234502,0.10794700028782245,150.13627000007546,243.42188199989323,49037312,48771072,201302016,4,4,1,1,"[10.0,20.0,30.0]","[0.0,0.0,0.0]",1000.0,192,192,"[2,5,0]",[],,,b57a3bead5fee5a0135f08ce0d8c5d55c670967639df708de9d6af4605128d3d
series,core-basic,lib3mf-buffer,False,8,ready,[],139.1831720011396,1.6758909987402149,0.1800820009520976,1.0426359986013267,0.105389000964351,149.26174500033085,242.80243900102505,49053696,48787456,201302016,4,4,1,1,"[10.0,20.0,30.0]","[0.0,0.0,0.0]",1000.0,192,192,"[2,5,0]",[],,,b57a3bead5fee5a0135f08ce0d8c5d55c670967639df708de9d6af4605128d3d
series,load-5000-copies-1,current,False,8,ready,[],553.3836699996755,20.410796998476144,13.470874000631738,0.5450560001918348,0.23032100034470204,592.4299170001177,733.2738380009687,115392512,115179520,201302016,5000,5000,1,1,"[24990.0,20.0,30.0]","[0.0,0.0,0.0]",1250000.0,240000,240000,,,,,b57a3bead5fee5a0135f08ce0d8c5d55c670967639df708de9d6af4605128d3d
series,load-5000-copies-1,lib3mf-public,False,8,ready,[],137.57368700134975,8.441973001026781,16.742335999879288,1.0122460007551126,0.2294000005349517,171.81347600126173,264.8674360007135,51392512,51130368,201302016,5000,5000,1,1,"[24990.0,20.0,30.0]","[0.0,0.0,0.0]",1250000.0,240000,240000,"[2,5,0]",[],,,b57a3bead5fee5a0135f08ce0d8c5d55c670967639df708de9d6af4605128d3d
series,load-5000-copies-1,lib3mf-buffer,False,8,ready,[],139.45820799926878,8.48494700039737,0.5859840002813144,0.9875880004983628,0.2829140012181597,157.82159099944693,252.7683589996741,49373184,49106944,201302016,5000,5000,1,1,"[24990.0,20.0,30.0]","[0.0,0.0,0.0]",1250000.0,240000,240000,"[2,5,0]",[],,,b57a3bead5fee5a0135f08ce0d8c5d55c670967639df708de9d6af4605128d3d
series,load-20000-copies-1,current,False,8,ready,[],546.0710759998619,77.90744799967797,63.402225998288486,0.615949000348337,1.1229060000914615,710.5610379985592,858.5851629995886,145526784,144154624,201302016,20000,20000,1,1,"[99990.0,20.0,30.0]","[0.0,0.0,0.0]",5000000.0,960000,960000,,,,,b57a3bead5fee5a0135f08ce0d8c5d55c670967639df708de9d6af4605128d3d
series,load-20000-copies-1,lib3mf-public,False,8,ready,[],147.47101799912343,28.40055399974517,69.56685699879017,1.222140999743715,0.9050230000866577,259.4125529994926,356.924268999137,54960128,52109312,201302016,20000,20000,1,1,"[99990.0,20.0,30.0]","[0.0,0.0,0.0]",5000000.0,960000,960000,"[2,5,0]",[],,,b57a3bead5fee5a0135f08ce0d8c5d55c670967639df708de9d6af4605128d3d
series,load-20000-copies-1,lib3mf-buffer,False,8,ready,[],139.62022899977455,28.263311000046087,1.8378839995421004,1.0375399997428758,0.7160049990488915,183.2852580009785,277.83793000162404,52289536,49532928,201302016,20000,20000,1,1,"[99990.0,20.0,30.0]","[0.0,0.0,0.0]",5000000.0,960000,960000,"[2,5,0]",[],,,b57a3bead5fee5a0135f08ce0d8c5d55c670967639df708de9d6af4605128d3d
series,core-basic,lib3mf-buffer,False,9,ready,[],140.9085249997588,1.7579630002728663,0.2084320003632456,0.8370180003112182,0.10878799912461545,150.8892490001017,246.57890100024815,49090560,48824320,201302016,4,4,1,1,"[10.0,20.0,30.0]","[0.0,0.0,0.0]",1000.0,192,192,"[2,5,0]",[],,,b57a3bead5fee5a0135f08ce0d8c5d55c670967639df708de9d6af4605128d3d
series,core-basic,lib3mf-public,False,9,ready,[],140.2491219996591,1.738854998620809,0.2515779997338541,0.9676859990577213,0.10683599975891411,150.18865300044126,244.3563050001103,49029120,48762880,201302016,4,4,1,1,"[10.0,20.0,30.0]","[0.0,0.0,0.0]",1000.0,192,192,"[2,5,0]",[],,,b57a3bead5fee5a0135f08ce0d8c5d55c670967639df708de9d6af4605128d3d
series,core-basic,current,False,9,ready,[],565.2785500005848,1.609213000847376,0.14895399908709805,0.43032200119341724,0.13672999921254814,567.820625999957,708.848622000005,105807872,105594880,201302016,4,4,1,1,"[10.0,20.0,30.0]","[0.0,0.0,0.0]",1000.0,192,192,,,,,b57a3bead5fee5a0135f08ce0d8c5d55c670967639df708de9d6af4605128d3d
series,load-5000-copies-1,lib3mf-buffer,False,9,ready,[],138.37477000015497,8.524060000127065,0.5848239998158533,0.9510429990768898,0.19939199955842923,156.74724299969967,251.77101900044363,49369088,49102848,201302016,5000,5000,1,1,"[24990.0,20.0,30.0]","[0.0,0.0,0.0]",1250000.0,240000,240000,"[2,5,0]",[],,,b57a3bead5fee5a0135f08ce0d8c5d55c670967639df708de9d6af4605128d3d
series,load-5000-copies-1,lib3mf-public,False,9,ready,[],147.66568499908317,8.829364000121132,17.050790000212146,1.1233169989282032,0.2189110000472283,183.32737600030669,286.2447779989452,51412992,51150848,201302016,5000,5000,1,1,"[24990.0,20.0,30.0]","[0.0,0.0,0.0]",1250000.0,240000,240000,"[2,5,0]",[],,,b57a3bead5fee5a0135f08ce0d8c5d55c670967639df708de9d6af4605128d3d
series,load-5000-copies-1,current,False,9,ready,[],557.577023999329,20.114614999329206,13.588384999820846,0.5098320016259095,0.19497599896567408,596.3328439993347,746.9159679985751,115503104,115290112,201302016,5000,5000,1,1,"[24990.0,20.0,30.0]","[0.0,0.0,0.0]",1250000.0,240000,240000,,,,,b57a3bead5fee5a0135f08ce0d8c5d55c670967639df708de9d6af4605128d3d
series,load-20000-copies-1,lib3mf-buffer,False,9,ready,[],136.94563600074616,28.053337999153882,1.840143999288557,1.0703100015234668,0.7058350001898361,180.736299000273,275.44562999901245,52305920,49545216,201302016,20000,20000,1,1,"[99990.0,20.0,30.0]","[0.0,0.0,0.0]",5000000.0,960000,960000,"[2,5,0]",[],,,b57a3bead5fee5a0135f08ce0d8c5d55c670967639df708de9d6af4605128d3d
series,load-20000-copies-1,lib3mf-public,False,9,ready,[],145.2215069984959,28.45715599869436,71.71394899887673,1.375306001136778,0.878415999977733,260.45810599862307,364.13065300075687,54861824,52011008,201302016,20000,20000,1,1,"[99990.0,20.0,30.0]","[0.0,0.0,0.0]",5000000.0,960000,960000,"[2,5,0]",[],,,b57a3bead5fee5a0135f08ce0d8c5d55c670967639df708de9d6af4605128d3d
series,load-20000-copies-1,current,False,9,ready,[],566.4052570009517,80.13918600045145,65.7826099995873,0.6460479999077506,1.1063670008297777,736.717667999983,885.2647479998268,145031168,143851520,201302016,20000,20000,1,1,"[99990.0,20.0,30.0]","[0.0,0.0,0.0]",5000000.0,960000,960000,,,,,b57a3bead5fee5a0135f08ce0d8c5d55c670967639df708de9d6af4605128d3d
series,core-basic,current,False,10,ready,[],552.0373809995363,1.6416769994975766,0.13652399866259657,0.4241580008965684,0.12964100096723996,554.6194179987651,728.5689719992661,105603072,105390080,201302016,4,4,1,1,"[10.0,20.0,30.0]","[0.0,0.0,0.0]",1000.0,192,192,,,,,b57a3bead5fee5a0135f08ce0d8c5d55c670967639df708de9d6af4605128d3d
series,core-basic,lib3mf-public,False,10,ready,[],166.23446800076636,1.6600639992248034,0.22476599951914977,0.9018379987537628,0.19158500072080642,176.6780790003395,283.7249940002948,49065984,48799744,201302016,4,4,1,1,"[10.0,20.0,30.0]","[0.0,0.0,0.0]",1000.0,192,192,"[2,5,0]",[],,,b57a3bead5fee5a0135f08ce0d8c5d55c670967639df708de9d6af4605128d3d
series,core-basic,lib3mf-buffer,False,10,ready,[],138.56265700087533,1.7822059999161866,0.19086599968431983,0.9667619997344445,0.1081709997379221,148.9673350006342,243.5773289998906,49094656,48828416,201302016,4,4,1,1,"[10.0,20.0,30.0]","[0.0,0.0,0.0]",1000.0,192,192,"[2,5,0]",[],,,b57a3bead5fee5a0135f08ce0d8c5d55c670967639df708de9d6af4605128d3d
series,load-5000-copies-1,current,False,10,ready,[],557.9197200004273,20.533741002509487,14.259908999520121,0.6064989993319614,0.19939300000260118,598.3894330001931,743.7308219996339,115408896,115195904,201302016,5000,5000,1,1,"[24990.0,20.0,30.0]","[0.0,0.0,0.0]",1250000.0,240000,240000,,,,,b57a3bead5fee5a0135f08ce0d8c5d55c670967639df708de9d6af4605128d3d
series,load-5000-copies-1,lib3mf-public,False,10,ready,[],141.564539000683,8.541934001186746,16.504387000168208,1.006722000965965,0.2064809996227268,175.48347000047215,272.75018299951626,51449856,51187712,201302016,5000,5000,1,1,"[24990.0,20.0,30.0]","[0.0,0.0,0.0]",1250000.0,240000,240000,"[2,5,0]",[],,,b57a3bead5fee5a0135f08ce0d8c5d55c670967639df708de9d6af4605128d3d
series,load-5000-copies-1,lib3mf-buffer,False,10,ready,[],142.18110399997386,8.493446999636944,0.5555460011237301,1.069487998393015,0.1971319998119725,160.53272200042557,257.8831570008333,49287168,49020928,201302016,5000,5000,1,1,"[24990.0,20.0,30.0]","[0.0,0.0,0.0]",1250000.0,240000,240000,"[2,5,0]",[],,,b57a3bead5fee5a0135f08ce0d8c5d55c670967639df708de9d6af4605128d3d
series,load-20000-copies-1,current,False,10,ready,[],570.1874429996678,76.23007699839945,64.3230660007248,0.7312979996640934,0.9756420004123356,734.6377559988468,891.4486829999078,145293312,144027648,201302016,20000,20000,1,1,"[99990.0,20.0,30.0]","[0.0,0.0,0.0]",5000000.0,960000,960000,,,,,b57a3bead5fee5a0135f08ce0d8c5d55c670967639df708de9d6af4605128d3d
series,load-20000-copies-1,lib3mf-public,False,10,ready,[],143.68335099970864,28.069828998923185,69.19300600020506,1.3037509997957386,0.9046480008692015,254.91776700073387,355.4848759995366,54898688,52047872,201302016,20000,20000,1,1,"[99990.0,20.0,30.0]","[0.0,0.0,0.0]",5000000.0,960000,960000,"[2,5,0]",[],,,b57a3bead5fee5a0135f08ce0d8c5d55c670967639df708de9d6af4605128d3d
series,load-20000-copies-1,lib3mf-buffer,False,10,ready,[],140.08171500063327,27.990049000436557,1.7549519998283358,1.2146749995736172,0.7067819988151314,183.9073949995509,282.3934870011726,52264960,49504256,201302016,20000,20000,1,1,"[99990.0,20.0,30.0]","[0.0,0.0,0.0]",5000000.0,960000,960000,"[2,5,0]",[],,,b57a3bead5fee5a0135f08ce0d8c5d55c670967639df708de9d6af4605128d3d
series,core-basic,lib3mf-buffer,False,11,ready,[],139.09626600070624,1.6225640010816278,0.18662900038179941,0.922932998946635,0.10429599933559075,148.7890550015436,242.0982429994183,49106944,48840704,201302016,4,4,1,1,"[10.0,20.0,30.0]","[0.0,0.0,0.0]",1000.0,192,192,"[2,5,0]",[],,,b57a3bead5fee5a0135f08ce0d8c5d55c670967639df708de9d6af4605128d3d
series,core-basic,lib3mf-public,False,11,ready,[],140.98575099887967,1.7877419995784294,0.2166619997296948,0.9737020009197295,0.1065439992089523,150.95557199856557,245.42774799920153,49029120,48762880,201302016,4,4,1,1,"[10.0,20.0,30.0]","[0.0,0.0,0.0]",1000.0,192,192,"[2,5,0]",[],,,b57a3bead5fee5a0135f08ce0d8c5d55c670967639df708de9d6af4605128d3d
series,core-basic,current,False,11,ready,[],552.2088319994509,1.6066290008893702,0.17273699995712377,0.47295799959101714,0.10225299956800882,554.8250179999741,698.2886430014332,105525248,105312256,201302016,4,4,1,1,"[10.0,20.0,30.0]","[0.0,0.0,0.0]",1000.0,192,192,,,,,b57a3bead5fee5a0135f08ce0d8c5d55c670967639df708de9d6af4605128d3d
series,load-5000-copies-1,lib3mf-buffer,False,11,ready,[],144.88821999839274,8.670564000567538,0.5829750007251278,0.9839169997576391,0.22473100034403615,163.72320399932505,262.14218200038886,49389568,49123328,201302016,5000,5000,1,1,"[24990.0,20.0,30.0]","[0.0,0.0,0.0]",1250000.0,240000,240000,"[2,5,0]",[],,,b57a3bead5fee5a0135f08ce0d8c5d55c670967639df708de9d6af4605128d3d
series,load-5000-copies-1,lib3mf-public,False,11,ready,[],140.02859799984435,8.626128999821958,16.677659999913885,1.0188520009251079,0.20583399964380078,174.6434369997587,266.5613300014229,51548160,51286016,201302016,5000,5000,1,1,"[24990.0,20.0,30.0]","[0.0,0.0,0.0]",1250000.0,240000,240000,"[2,5,0]",[],,,b57a3bead5fee5a0135f08ce0d8c5d55c670967639df708de9d6af4605128d3d
series,load-5000-copies-1,current,False,11,ready,[],552.5035379996552,20.275922999644536,13.462155000524945,0.5359860006137751,0.19878499915648717,591.391960000692,741.1187599991536,115408896,115195904,201302016,5000,5000,1,1,"[24990.0,20.0,30.0]","[0.0,0.0,0.0]",1250000.0,240000,240000,,,,,b57a3bead5fee5a0135f08ce0d8c5d55c670967639df708de9d6af4605128d3d
series,load-20000-copies-1,lib3mf-buffer,False,11,ready,[],144.59811200140393,28.510202000688878,1.8348339999647578,1.0519490006117849,0.7341579985222779,189.04405100147414,288.9888570007315,52289536,49528832,201302016,20000,20000,1,1,"[99990.0,20.0,30.0]","[0.0,0.0,0.0]",5000000.0,960000,960000,"[2,5,0]",[],,,b57a3bead5fee5a0135f08ce0d8c5d55c670967639df708de9d6af4605128d3d
series,load-20000-copies-1,lib3mf-public,False,11,ready,[],141.03887000055693,27.604634000454098,69.45563599947491,1.2090569998690626,0.8565349999116734,252.1045330013294,348.0336859993258,54861824,52011008,201302016,20000,20000,1,1,"[99990.0,20.0,30.0]","[0.0,0.0,0.0]",5000000.0,960000,960000,"[2,5,0]",[],,,b57a3bead5fee5a0135f08ce0d8c5d55c670967639df708de9d6af4605128d3d
series,load-20000-copies-1,current,False,11,ready,[],556.3779149997572,78.28913100092905,63.62823599920375,0.718119999874034,1.076771999578341,721.6340960003436,874.1433839986712,145379328,144093184,201302016,20000,20000,1,1,"[99990.0,20.0,30.0]","[0.0,0.0,0.0]",5000000.0,960000,960000,,,,,b57a3bead5fee5a0135f08ce0d8c5d55c670967639df708de9d6af4605128d3d
series,core-basic,current,False,12,ready,[],547.2642200002156,1.7484149957454065,0.1387210031680297,0.5027860006521223,0.10317200030840468,550.0089109991677,697.9871950006782,105611264,105398272,201302016,4,4,1,1,"[10.0,20.0,30.0]","[0.0,0.0,0.0]",1000.0,192,192,,,,,b57a3bead5fee5a0135f08ce0d8c5d55c670967639df708de9d6af4605128d3d
series,core-basic,lib3mf-public,False,12,ready,[],140.78808900012518,1.6794620005384786,0.2076719993056031,0.8509180006512906,0.10542000018176623,150.5411460002506,245.39761300002283,49139712,48873472,201302016,4,4,1,1,"[10.0,20.0,30.0]","[0.0,0.0,0.0]",1000.0,192,192,"[2,5,0]",[],,,b57a3bead5fee5a0135f08ce0d8c5d55c670967639df708de9d6af4605128d3d
series,core-basic,lib3mf-buffer,False,12,ready,[],142.48879799924907,1.6923330003919546,0.18101099885825533,0.8845250013109762,0.10715600001276471,152.41980199971294,247.1493979992374,49123328,48857088,201302016,4,4,1,1,"[10.0,20.0,30.0]","[0.0,0.0,0.0]",1000.0,192,192,"[2,5,0]",[],,,b57a3bead5fee5a0135f08ce0d8c5d55c670967639df708de9d6af4605128d3d
series,load-5000-copies-1,current,False,12,ready,[],547.1129350007686,21.058809999885852,15.04998699965654,0.5881840006622951,0.25629599986132234,589.2833620000602,736.4866269999766,115478528,115265536,201302016,5000,5000,1,1,"[24990.0,20.0,30.0]","[0.0,0.0,0.0]",1250000.0,240000,240000,,,,,b57a3bead5fee5a0135f08ce0d8c5d55c670967639df708de9d6af4605128d3d
series,load-5000-copies-1,lib3mf-public,False,12,ready,[],140.78032600082224,8.367788999748882,16.990445999908843,1.1591060010687215,0.25159799952234607,175.56626800069353,274.02641200023936,51417088,51154944,201302016,5000,5000,1,1,"[24990.0,20.0,30.0]","[0.0,0.0,0.0]",1250000.0,240000,240000,"[2,5,0]",[],,,b57a3bead5fee5a0135f08ce0d8c5d55c670967639df708de9d6af4605128d3d
series,load-5000-copies-1,lib3mf-buffer,False,12,ready,[],136.7734579998796,8.450838000499061,0.5419099998107413,0.8977020006568637,0.20808100089197978,154.7798960000364,248.36734299969976,49287168,49020928,201302016,5000,5000,1,1,"[24990.0,20.0,30.0]","[0.0,0.0,0.0]",1250000.0,240000,240000,"[2,5,0]",[],,,b57a3bead5fee5a0135f08ce0d8c5d55c670967639df708de9d6af4605128d3d
series,load-20000-copies-1,current,False,12,ready,[],551.5168629990512,75.22583099853364,63.85654300174792,0.654479999866453,1.0763640002551256,713.6734809992049,856.6158289995656,145309696,143851520,201302016,20000,20000,1,1,"[99990.0,20.0,30.0]","[0.0,0.0,0.0]",5000000.0,960000,960000,,,,,b57a3bead5fee5a0135f08ce0d8c5d55c670967639df708de9d6af4605128d3d
series,load-20000-copies-1,lib3mf-public,False,12,ready,[],137.9969190002157,27.954092000072706,69.11598399892682,1.1301970025670016,0.8059700012381654,248.9160980003362,343.54721999989124,54865920,52015104,201302016,20000,20000,1,1,"[99990.0,20.0,30.0]","[0.0,0.0,0.0]",5000000.0,960000,960000,"[2,5,0]",[],,,b57a3bead5fee5a0135f08ce0d8c5d55c670967639df708de9d6af4605128d3d
series,load-20000-copies-1,lib3mf-buffer,False,12,ready,[],141.90780299941252,28.57388099982927,1.7600569990463555,1.0141430011572083,0.7815890003257664,185.8980729994073,280.34162199946877,52293632,49532928,201302016,20000,20000,1,1,"[99990.0,20.0,30.0]","[0.0,0.0,0.0]",5000000.0,960000,960000,"[2,5,0]",[],,,b57a3bead5fee5a0135f08ce0d8c5d55c670967639df708de9d6af4605128d3d
series,core-basic,lib3mf-buffer,False,13,ready,[],142.62212999892654,1.9634780001069885,0.18583900055091362,0.9032329999172362,0.10804900011862628,152.9131139996025,254.59292200139316,49094656,48828416,201302016,4,4,1,1,"[10.0,20.0,30.0]","[0.0,0.0,0.0]",1000.0,192,192,"[2,5,0]",[],,,b57a3bead5fee5a0135f08ce0d8c5d55c670967639df708de9d6af4605128d3d
series,core-basic,lib3mf-public,False,13,ready,[],137.83221599987883,1.711910001176875,0.24103899886540603,0.8311670007969951,0.10937700062640943,147.61689599981764,241.67626700000255,49053696,48787456,201302016,4,4,1,1,"[10.0,20.0,30.0]","[0.0,0.0,0.0]",1000.0,192,192,"[2,5,0]",[],,,b57a3bead5fee5a0135f08ce0d8c5d55c670967639df708de9d6af4605128d3d
series,core-basic,current,False,13,ready,[],539.1869479990419,1.597218000824796,0.13932799993199296,0.5005799994250992,0.10201700024481397,541.7618150004273,681.1487230006605,105623552,105410560,201302016,4,4,1,1,"[10.0,20.0,30.0]","[0.0,0.0,0.0]",1000.0,192,192,,,,,b57a3bead5fee5a0135f08ce0d8c5d55c670967639df708de9d6af4605128d3d
series,load-5000-copies-1,lib3mf-buffer,False,13,ready,[],143.3897140013869,8.397630999752437,0.5549630004679784,1.0334629987482913,0.2033199998550117,161.59829500065825,258.60421099969244,49311744,49045504,201302016,5000,5000,1,1,"[24990.0,20.0,30.0]","[0.0,0.0,0.0]",1250000.0,240000,240000,"[2,5,0]",[],,,b57a3bead5fee5a0135f08ce0d8c5d55c670967639df708de9d6af4605128d3d
series,load-5000-copies-1,lib3mf-public,False,13,ready,[],139.11244300106773,8.57314499990025,16.749771999457153,1.0789530006150017,0.2079189998767106,173.52186500102107,266.7712299989944,51396608,51134464,201302016,5000,5000,1,1,"[24990.0,20.0,30.0]","[0.0,0.0,0.0]",1250000.0,240000,240000,"[2,5,0]",[],,,b57a3bead5fee5a0135f08ce0d8c5d55c670967639df708de9d6af4605128d3d
series,load-5000-copies-1,current,False,13,ready,[],551.5662229990994,20.30668500083266,13.257054999485263,0.5103940002300078,0.20515899996098597,589.6774060001917,729.2059949995746,115535872,115322880,201302016,5000,5000,1,1,"[24990.0,20.0,30.0]","[0.0,0.0,0.0]",1250000.0,240000,240000,,,,,b57a3bead5fee5a0135f08ce0d8c5d55c670967639df708de9d6af4605128d3d
series,load-20000-copies-1,lib3mf-buffer,False,13,ready,[],138.4099739989324,28.27467799943406,1.69105700115324,1.0845739980140934,0.716780001312145,182.08652599969355,276.5597940015141,52400128,49643520,201302016,20000,20000,1,1,"[99990.0,20.0,30.0]","[0.0,0.0,0.0]",5000000.0,960000,960000,"[2,5,0]",[],,,b57a3bead5fee5a0135f08ce0d8c5d55c670967639df708de9d6af4605128d3d
series,load-20000-copies-1,lib3mf-public,False,13,ready,[],144.71747300012794,28.199442000186536,69.92508899929817,1.2848269998357864,0.8341299999301555,257.0258029991237,356.52695600037987,54861824,52011008,201302016,20000,20000,1,1,"[99990.0,20.0,30.0]","[0.0,0.0,0.0]",5000000.0,960000,960000,"[2,5,0]",[],,,b57a3bead5fee5a0135f08ce0d8c5d55c670967639df708de9d6af4605128d3d
series,load-20000-copies-1,current,False,13,ready,[],557.8670779996173,74.07785299983516,60.52496899974358,0.620487000560388,0.9550590002618264,713.2533479998528,857.5188989998423,145281024,143847424,201302016,20000,20000,1,1,"[99990.0,20.0,30.0]","[0.0,0.0,0.0]",5000000.0,960000,960000,,,,,b57a3bead5fee5a0135f08ce0d8c5d55c670967639df708de9d6af4605128d3d
series,core-basic,current,False,14,ready,[],564.9392989998887,1.7310249986621784,0.1400440014549531,0.4886209990218049,0.10252900028717704,567.6910100009991,714.537357998779,105713664,105500672,201302016,4,4,1,1,"[10.0,20.0,30.0]","[0.0,0.0,0.0]",1000.0,192,192,,,,,b57a3bead5fee5a0135f08ce0d8c5d55c670967639df708de9d6af4605128d3d
series,core-basic,lib3mf-public,False,14,ready,[],139.41001100101857,1.6917720004130388,0.25044299945875537,0.8674550008436199,0.10743500024545938,149.1405130000203,250.36727400038217,49049600,48783360,201302016,4,4,1,1,"[10.0,20.0,30.0]","[0.0,0.0,0.0]",1000.0,192,192,"[2,5,0]",[],,,b57a3bead5fee5a0135f08ce0d8c5d55c670967639df708de9d6af4605128d3d
series,core-basic,lib3mf-buffer,False,14,ready,[],138.97986099982518,1.6556880000280216,0.22969299971009605,0.882686001205002,0.10753700007626321,148.62419000019145,242.53544199928,49098752,48832512,201302016,4,4,1,1,"[10.0,20.0,30.0]","[0.0,0.0,0.0]",1000.0,192,192,"[2,5,0]",[],,,b57a3bead5fee5a0135f08ce0d8c5d55c670967639df708de9d6af4605128d3d
series,load-5000-copies-1,current,False,14,ready,[],543.4714749990235,19.93715399839857,13.68894200095383,0.5666159995598719,0.20464800036279485,581.9188669993309,723.464292999779,115515392,115302400,201302016,5000,5000,1,1,"[24990.0,20.0,30.0]","[0.0,0.0,0.0]",1250000.0,240000,240000,,,,,b57a3bead5fee5a0135f08ce0d8c5d55c670967639df708de9d6af4605128d3d
series,load-5000-copies-1,lib3mf-public,False,14,ready,[],140.89682799931325,8.199116000469076,16.520283999852836,0.9841930004768074,0.20863400095549878,174.58210999939183,269.79086400024244,51400704,51138560,201302016,5000,5000,1,1,"[24990.0,20.0,30.0]","[0.0,0.0,0.0]",1250000.0,240000,240000,"[2,5,0]",[],,,b57a3bead5fee5a0135f08ce0d8c5d55c670967639df708de9d6af4605128d3d
series,load-5000-copies-1,lib3mf-buffer,False,14,ready,[],138.70263500029978,8.426251999480883,0.6476779999502469,0.933591998546035,0.2036260011664126,157.14366900101595,251.85450000026322,49299456,49033216,201302016,5000,5000,1,1,"[24990.0,20.0,30.0]","[0.0,0.0,0.0]",1250000.0,240000,240000,"[2,5,0]",[],,,b57a3bead5fee5a0135f08ce0d8c5d55c670967639df708de9d6af4605128d3d
series,load-20000-copies-1,current,False,14,ready,[],540.9706169994024,77.5610639993829,63.95747699934873,0.6522780004161177,1.0841660005098674,706.1165230006736,854.5129620015359,145125376,143953920,201302016,20000,20000,1,1,"[99990.0,20.0,30.0]","[0.0,0.0,0.0]",5000000.0,960000,960000,,,,,b57a3bead5fee5a0135f08ce0d8c5d55c670967639df708de9d6af4605128d3d
series,load-20000-copies-1,lib3mf-public,False,14,ready,[],139.43771300000662,27.75631000076828,68.32327200027066,1.1775969996961066,0.9179529988614377,249.41671200031124,342.82523699948797,54857728,52006912,201302016,20000,20000,1,1,"[99990.0,20.0,30.0]","[0.0,0.0,0.0]",5000000.0,960000,960000,"[2,5,0]",[],,,b57a3bead5fee5a0135f08ce0d8c5d55c670967639df708de9d6af4605128d3d
series,load-20000-copies-1,lib3mf-buffer,False,14,ready,[],139.79385400125466,28.313419001278817,1.8103500005963724,1.0839599999599159,0.7560329995612847,183.64724999992177,281.00600200014014,52289536,49532928,201302016,20000,20000,1,1,"[99990.0,20.0,30.0]","[0.0,0.0,0.0]",5000000.0,960000,960000,"[2,5,0]",[],,,b57a3bead5fee5a0135f08ce0d8c5d55c670967639df708de9d6af4605128d3d
series,core-basic,lib3mf-buffer,False,15,ready,[],148.04679799999576,1.7142639990197495,0.17787699835025705,0.8566720007365802,0.10662399836292025,157.7510089991847,253.44871700144722,49098752,48832512,201302016,4,4,1,1,"[10.0,20.0,30.0]","[0.0,0.0,0.0]",1000.0,192,192,"[2,5,0]",[],,,b57a3bead5fee5a0135f08ce0d8c5d55c670967639df708de9d6af4605128d3d
series,core-basic,lib3mf-public,False,15,ready,[],144.58555700002762,1.6793020004115533,0.24841400045261253,0.9143289989879122,0.1079520006896928,154.44208799999615,250.06752099943697,49041408,48779264,201302016,4,4,1,1,"[10.0,20.0,30.0]","[0.0,0.0,0.0]",1000.0,192,192,"[2,5,0]",[],,,b57a3bead5fee5a0135f08ce0d8c5d55c670967639df708de9d6af4605128d3d
series,core-basic,current,False,15,ready,[],568.4520670001803,1.9823059992631897,0.1650989997870056,0.49560200022824574,0.11418900066928472,571.4433650009596,717.548134000026,105754624,105541632,201302016,4,4,1,1,"[10.0,20.0,30.0]","[0.0,0.0,0.0]",1000.0,192,192,,,,,b57a3bead5fee5a0135f08ce0d8c5d55c670967639df708de9d6af4605128d3d
series,load-5000-copies-1,lib3mf-buffer,False,15,ready,[],143.24504000069282,8.44659999893338,0.5896519996895222,0.9266980014217552,0.20026499987579882,161.26009199979308,261.0838300006435,49389568,49127424,201302016,5000,5000,1,1,"[24990.0,20.0,30.0]","[0.0,0.0,0.0]",1250000.0,240000,240000,"[2,5,0]",[],,,b57a3bead5fee5a0135f08ce0d8c5d55c670967639df708de9d6af4605128d3d
series,load-5000-copies-1,lib3mf-public,False,15,ready,[],148.12316300049133,8.850197998981457,17.578946999492473,1.1482270001579309,0.2507659992261324,184.3846100000519,284.122782999475,51458048,51195904,201302016,5000,5000,1,1,"[24990.0,20.0,30.0]","[0.0,0.0,0.0]",1250000.0,240000,240000,"[2,5,0]",[],,,b57a3bead5fee5a0135f08ce0d8c5d55c670967639df708de9d6af4605128d3d
series,load-5000-copies-1,current,False,15,ready,[],562.7210539987573,21.209477998127113,14.258373001212021,0.666015999740921,0.23808900004951283,603.684791998603,753.8641720002488,115503104,115290112,201302016,5000,5000,1,1,"[24990.0,20.0,30.0]","[0.0,0.0,0.0]",1250000.0,240000,240000,,,,,b57a3bead5fee5a0135f08ce0d8c5d55c670967639df708de9d6af4605128d3d
series,load-20000-copies-1,lib3mf-buffer,False,15,ready,[],146.51051399960124,29.174889999922016,1.863311999841244,1.024836999931722,1.012160999380285,192.14597499922093,296.1308080011804,52371456,49610752,201302016,20000,20000,1,1,"[99990.0,20.0,30.0]","[0.0,0.0,0.0]",5000000.0,960000,960000,"[2,5,0]",[],,,b57a3bead5fee5a0135f08ce0d8c5d55c670967639df708de9d6af4605128d3d
series,load-20000-copies-1,lib3mf-public,False,15,ready,[],155.97724800136348,28.313413000432774,75.74553500126058,1.2666059992625378,0.813327000287245,274.20839099977456,379.0103329993144,54853632,52002816,201302016,20000,20000,1,1,"[99990.0,20.0,30.0]","[0.0,0.0,0.0]",5000000.0,960000,960000,"[2,5,0]",[],,,b57a3bead5fee5a0135f08ce0d8c5d55c670967639df708de9d6af4605128d3d
series,load-20000-copies-1,current,False,15,ready,[],569.2291020004632,76.30860799872607,61.2453909998294,0.6454690010286868,1.1219540010642959,731.3288969999121,897.0068819999142,145375232,143953920,201302016,20000,20000,1,1,"[99990.0,20.0,30.0]","[0.0,0.0,0.0]",5000000.0,960000,960000,,,,,b57a3bead5fee5a0135f08ce0d8c5d55c670967639df708de9d6af4605128d3d
series,core-basic,current,False,16,ready,[],618.2230659997003,1.7414560006727697,0.1421999986632727,0.45787999988533556,0.10314800056221429,620.8823269989807,768.1813250001142,105750528,105537536,201302016,4,4,1,1,"[10.0,20.0,30.0]","[0.0,0.0,0.0]",1000.0,192,192,,,,,b57a3bead5fee5a0135f08ce0d8c5d55c670967639df708de9d6af4605128d3d
series,core-basic,lib3mf-public,False,16,ready,[],148.56734400018468,1.8669920009415364,0.23911199969006702,1.0710440001275856,0.10999699952662922,160.97303599963197,268.1207050009107,49049600,48787456,201302016,4,4,1,1,"[10.0,20.0,30.0]","[0.0,0.0,0.0]",1000.0,192,192,"[2,5,0]",[],,,b57a3bead5fee5a0135f08ce0d8c5d55c670967639df708de9d6af4605128d3d
series,core-basic,lib3mf-buffer,False,16,ready,[],197.03626299997268,2.531169000576483,0.2364529991609743,1.5177810018940363,0.11204200018255506,208.9749770002527,336.58984399880865,49192960,48926720,201302016,4,4,1,1,"[10.0,20.0,30.0]","[0.0,0.0,0.0]",1000.0,192,192,"[2,5,0]",[],,,b57a3bead5fee5a0135f08ce0d8c5d55c670967639df708de9d6af4605128d3d
series,load-5000-copies-1,current,False,16,ready,[],695.7271289993514,20.822339998630923,13.323393000973738,0.5291330016916618,0.19607399917731527,735.110010000426,911.2017699990247,115683328,115470336,201302016,5000,5000,1,1,"[24990.0,20.0,30.0]","[0.0,0.0,0.0]",1250000.0,240000,240000,,,,,b57a3bead5fee5a0135f08ce0d8c5d55c670967639df708de9d6af4605128d3d
series,load-5000-copies-1,lib3mf-public,False,16,ready,[],140.07576299991342,8.260136000899365,16.48704900071607,1.0457939988555154,0.2330799998162547,174.016938000932,269.1286749995925,51404800,51142656,201302016,5000,5000,1,1,"[24990.0,20.0,30.0]","[0.0,0.0,0.0]",1250000.0,240000,240000,"[2,5,0]",[],,,b57a3bead5fee5a0135f08ce0d8c5d55c670967639df708de9d6af4605128d3d
series,load-5000-copies-1,lib3mf-buffer,False,16,ready,[],140.92671000071277,8.6627109994879,0.6302360015979502,0.9765859995241044,0.25853499937511515,159.5321300010255,255.38502000017616,49422336,49156096,201302016,5000,5000,1,1,"[24990.0,20.0,30.0]","[0.0,0.0,0.0]",1250000.0,240000,240000,"[2,5,0]",[],,,b57a3bead5fee5a0135f08ce0d8c5d55c670967639df708de9d6af4605128d3d
series,load-20000-copies-1,current,False,16,ready,[],552.151073999994,74.36013700134936,63.95801700091397,0.6540559988934547,1.1917759984498844,714.6192990003328,860.9653260009509,145190912,143851520,201302016,20000,20000,1,1,"[99990.0,20.0,30.0]","[0.0,0.0,0.0]",5000000.0,960000,960000,,,,,b57a3bead5fee5a0135f08ce0d8c5d55c670967639df708de9d6af4605128d3d
series,load-20000-copies-1,lib3mf-public,False,16,ready,[],137.45299800029898,27.71312999902875,68.44270299916388,1.1931520002690377,0.8197110000764951,247.1490480002103,339.4680050005263,54861824,52011008,201302016,20000,20000,1,1,"[99990.0,20.0,30.0]","[0.0,0.0,0.0]",5000000.0,960000,960000,"[2,5,0]",[],,,b57a3bead5fee5a0135f08ce0d8c5d55c670967639df708de9d6af4605128d3d
series,load-20000-copies-1,lib3mf-buffer,False,16,ready,[],140.17468000020017,28.044097000019974,1.8422789999021916,1.1118300008092774,0.725133000742062,183.9857149989257,290.99006300020847,52408320,49647616,201302016,20000,20000,1,1,"[99990.0,20.0,30.0]","[0.0,0.0,0.0]",5000000.0,960000,960000,"[2,5,0]",[],,,b57a3bead5fee5a0135f08ce0d8c5d55c670967639df708de9d6af4605128d3d
series,core-basic,lib3mf-buffer,False,17,ready,[],138.02003800083185,1.6124289995786967,0.18700999862630852,0.9462920024816412,0.17310300063400064,148.0732310010353,252.58858899906045,49119232,48852992,201302016,4,4,1,1,"[10.0,20.0,30.0]","[0.0,0.0,0.0]",1000.0,192,192,"[2,5,0]",[],,,b57a3bead5fee5a0135f08ce0d8c5d55c670967639df708de9d6af4605128d3d
series,core-basic,lib3mf-public,False,17,ready,[],144.8844660008035,1.6156999990926124,0.2211600003647618,0.8810589988570428,0.10429199937789235,154.4663019994914,252.55546100015636,49037312,48771072,201302016,4,4,1,1,"[10.0,20.0,30.0]","[0.0,0.0,0.0]",1000.0,192,192,"[2,5,0]",[],,,b57a3bead5fee5a0135f08ce0d8c5d55c670967639df708de9d6af4605128d3d
series,core-basic,current,False,17,ready,[],560.4481150003267,1.5903430048638256,0.13527299779525492,0.44978299956710543,0.16052699902502354,562.994259998959,709.0939259996958,105783296,105570304,201302016,4,4,1,1,"[10.0,20.0,30.0]","[0.0,0.0,0.0]",1000.0,192,192,,,,,b57a3bead5fee5a0135f08ce0d8c5d55c670967639df708de9d6af4605128d3d
series,load-5000-copies-1,lib3mf-buffer,False,17,ready,[],140.6407209997269,8.93972800076881,0.6233980002434691,1.0059009982796852,0.2159449995815521,160.1432389998081,270.5963629996404,49360896,49094656,201302016,5000,5000,1,1,"[24990.0,20.0,30.0]","[0.0,0.0,0.0]",1250000.0,240000,240000,"[2,5,0]",[],,,b57a3bead5fee5a0135f08ce0d8c5d55c670967639df708de9d6af4605128d3d
series,load-5000-copies-1,lib3mf-public,False,17,ready,[],172.42377199909242,9.41916200099513,18.172698999478598,1.1072289998992346,0.2073560008284403,210.41625999896496,321.9621960015502,51466240,51204096,201302016,5000,5000,1,1,"[24990.0,20.0,30.0]","[0.0,0.0,0.0]",1250000.0,240000,240000,"[2,5,0]",[],,,b57a3bead5fee5a0135f08ce0d8c5d55c670967639df708de9d6af4605128d3d
series,load-5000-copies-1,current,False,17,ready,[],561.4071880008851,20.88642599846935,13.330708001376479,0.5514160002348945,0.19661999976960942,601.4162860010401,743.0523769999127,115654656,115441664,201302016,5000,5000,1,1,"[24990.0,20.0,30.0]","[0.0,0.0,0.0]",1250000.0,240000,240000,,,,,b57a3bead5fee5a0135f08ce0d8c5d55c670967639df708de9d6af4605128d3d
series,load-20000-copies-1,lib3mf-buffer,False,17,ready,[],143.1447400009347,28.098389999286155,1.7619139998714672,1.0620349985401845,0.7930239989946131,186.59157299953222,281.176331000097,52318208,49557504,201302016,20000,20000,1,1,"[99990.0,20.0,30.0]","[0.0,0.0,0.0]",5000000.0,960000,960000,"[2,5,0]",[],,,b57a3bead5fee5a0135f08ce0d8c5d55c670967639df708de9d6af4605128d3d
series,load-20000-copies-1,lib3mf-public,False,17,ready,[],144.18019099866797,28.207385001223884,70.2655049990426,1.2534409997897455,0.9274790008930722,257.77065100010077,361.95370799941884,54845440,51994624,201302016,20000,20000,1,1,"[99990.0,20.0,30.0]","[0.0,0.0,0.0]",5000000.0,960000,960000,"[2,5,0]",[],,,b57a3bead5fee5a0135f08ce0d8c5d55c670967639df708de9d6af4605128d3d
series,load-20000-copies-1,current,False,17,ready,[],602.6360880005086,78.59154900324938,65.47289899754105,0.7032520006760024,1.3412709995463956,772.6254700010031,944.8381020010856,145350656,143953920,201302016,20000,20000,1,1,"[99990.0,20.0,30.0]","[0.0,0.0,0.0]",5000000.0,960000,960000,,,,,b57a3bead5fee5a0135f08ce0d8c5d55c670967639df708de9d6af4605128d3d
series,core-basic,current,False,18,ready,[],592.515922999155,1.6413650009781122,0.135476999275852,0.529433000338031,0.10245100020256359,595.1393659997848,740.9191030001239,105771008,105558016,201302016,4,4,1,1,"[10.0,20.0,30.0]","[0.0,0.0,0.0]",1000.0,192,192,,,,,b57a3bead5fee5a0135f08ce0d8c5d55c670967639df708de9d6af4605128d3d
series,core-basic,lib3mf-public,False,18,ready,[],143.3890070002235,2.0477950001804857,0.28240499887033366,0.9520180010440527,0.10735900104918983,155.13949299929664,258.46500800071226,49057792,48791552,201302016,4,4,1,1,"[10.0,20.0,30.0]","[0.0,0.0,0.0]",1000.0,192,192,"[2,5,0]",[],,,b57a3bead5fee5a0135f08ce0d8c5d55c670967639df708de9d6af4605128d3d
series,core-basic,lib3mf-buffer,False,18,ready,[],144.64214200052083,1.6449440008727834,0.20868599858658854,0.8211420026782434,0.11083599929406773,154.55413200106705,260.33121299951745,49197056,48930816,201302016,4,4,1,1,"[10.0,20.0,30.0]","[0.0,0.0,0.0]",1000.0,192,192,"[2,5,0]",[],,,b57a3bead5fee5a0135f08ce0d8c5d55c670967639df708de9d6af4605128d3d
series,load-5000-copies-1,current,False,18,ready,[],548.407964000944,20.05761399777839,13.402996999502648,0.6065270008548396,0.1947800010384526,586.6149650009902,736.6259739992529,115556352,115343360,201302016,5000,5000,1,1,"[24990.0,20.0,30.0]","[0.0,0.0,0.0]",1250000.0,240000,240000,,,,,b57a3bead5fee5a0135f08ce0d8c5d55c670967639df708de9d6af4605128d3d
series,load-5000-copies-1,lib3mf-public,False,18,ready,[],150.2974009999889,9.321006000391208,18.744871000308194,1.0885169995162869,0.22709000040777028,188.32547100100783,291.159485001117,51445760,51183616,201302016,5000,5000,1,1,"[24990.0,20.0,30.0]","[0.0,0.0,0.0]",1250000.0,240000,240000,"[2,5,0]",[],,,b57a3bead5fee5a0135f08ce0d8c5d55c670967639df708de9d6af4605128d3d
series,load-5000-copies-1,lib3mf-buffer,False,18,ready,[],138.749056000961,8.527161999154487,0.5943590003880672,1.1277800003881566,0.2166599988413509,157.45384600086254,252.9478830001608,49291264,49029120,201302016,5000,5000,1,1,"[24990.0,20.0,30.0]","[0.0,0.0,0.0]",1250000.0,240000,240000,"[2,5,0]",[],,,b57a3bead5fee5a0135f08ce0d8c5d55c670967639df708de9d6af4605128d3d
series,load-20000-copies-1,current,False,18,ready,[],571.8670159985777,77.80772500154853,64.80768299843476,0.6719650009472389,1.0430179991089972,740.1164679995418,883.3253160009917,145342464,143941632,201302016,20000,20000,1,1,"[99990.0,20.0,30.0]","[0.0,0.0,0.0]",5000000.0,960000,960000,,,,,b57a3bead5fee5a0135f08ce0d8c5d55c670967639df708de9d6af4605128d3d
series,load-20000-copies-1,lib3mf-public,False,18,ready,[],146.64131000063207,28.785979999156552,70.96386199918925,1.1563550015125657,0.9048179999808781,260.6530040011421,360.8103869992192,54890496,52039680,201302016,20000,20000,1,1,"[99990.0,20.0,30.0]","[0.0,0.0,0.0]",5000000.0,960000,960000,"[2,5,0]",[],,,b57a3bead5fee5a0135f08ce0d8c5d55c670967639df708de9d6af4605128d3d
series,load-20000-copies-1,lib3mf-buffer,False,18,ready,[],140.76973299961537,27.952430000368622,1.9826449988613604,1.1976640016655438,0.786616001278162,184.87391900089278,282.3732190008741,52260864,49500160,201302016,20000,20000,1,1,"[99990.0,20.0,30.0]","[0.0,0.0,0.0]",5000000.0,960000,960000,"[2,5,0]",[],,,b57a3bead5fee5a0135f08ce0d8c5d55c670967639df708de9d6af4605128d3d
series,core-basic,lib3mf-buffer,False,19,ready,[],140.62596799885796,1.6920479993132176,0.17730299987306353,1.0614669990900438,0.10838600064744242,150.47180900000967,245.65839699971548,49111040,48848896,201302016,4,4,1,1,"[10.0,20.0,30.0]","[0.0,0.0,0.0]",1000.0,192,192,"[2,5,0]",[],,,b57a3bead5fee5a0135f08ce0d8c5d55c670967639df708de9d6af4605128d3d
series,core-basic,lib3mf-public,False,19,ready,[],141.35348299896577,1.7212910006492166,0.21390899928519502,0.912179999431828,0.1557279992994154,151.38480699897627,247.6382820004801,49041408,48775168,201302016,4,4,1,1,"[10.0,20.0,30.0]","[0.0,0.0,0.0]",1000.0,192,192,"[2,5,0]",[],,,b57a3bead5fee5a0135f08ce0d8c5d55c670967639df708de9d6af4605128d3d
series,core-basic,current,False,19,ready,[],548.7264830007916,1.6609639988018898,0.13609599955088925,0.4341570001997752,0.10378500155638903,551.2799940006516,692.1538180013158,105684992,105472000,201302016,4,4,1,1,"[10.0,20.0,30.0]","[0.0,0.0,0.0]",1000.0,192,192,,,,,b57a3bead5fee5a0135f08ce0d8c5d55c670967639df708de9d6af4605128d3d
series,load-5000-copies-1,lib3mf-buffer,False,19,ready,[],137.7017960003286,8.283447999929194,0.5749569991166936,0.9655550002207747,0.19601500025601126,155.62832199975674,249.3568130012136,49311744,49045504,201302016,5000,5000,1,1,"[24990.0,20.0,30.0]","[0.0,0.0,0.0]",1250000.0,240000,240000,"[2,5,0]",[],,,b57a3bead5fee5a0135f08ce0d8c5d55c670967639df708de9d6af4605128d3d
series,load-5000-copies-1,lib3mf-public,False,19,ready,[],146.87748500000453,8.361771999261691,16.503703998751007,1.0392790009063901,0.2066489996650489,180.7571959998313,278.15383600136556,51392512,51130368,201302016,5000,5000,1,1,"[24990.0,20.0,30.0]","[0.0,0.0,0.0]",1250000.0,240000,240000,"[2,5,0]",[],,,b57a3bead5fee5a0135f08ce0d8c5d55c670967639df708de9d6af4605128d3d
series,load-5000-copies-1,current,False,19,ready,[],597.9230700013431,21.90745999723731,14.645294002548326,0.6334440004138742,0.20941000002494548,641.2928910012852,801.3421329997072,115511296,115298304,201302016,5000,5000,1,1,"[24990.0,20.0,30.0]","[0.0,0.0,0.0]",1250000.0,240000,240000,,,,,b57a3bead5fee5a0135f08ce0d8c5d55c670967639df708de9d6af4605128d3d
series,load-20000-copies-1,lib3mf-buffer,False,19,ready,[],145.79188700008672,28.18321099948662,1.799002999177901,1.111160001528333,0.7469420015695505,190.27675399956934,293.78390799865883,52252672,49496064,201302016,20000,20000,1,1,"[99990.0,20.0,30.0]","[0.0,0.0,0.0]",5000000.0,960000,960000,"[2,5,0]",[],,,b57a3bead5fee5a0135f08ce0d8c5d55c670967639df708de9d6af4605128d3d
series,load-20000-copies-1,lib3mf-public,False,19,ready,[],140.8940689998417,29.650307000338216,74.03343399892037,1.2986880010430468,0.8956159999797819,259.218196000802,359.17141400022956,54865920,52015104,201302016,20000,20000,1,1,"[99990.0,20.0,30.0]","[0.0,0.0,0.0]",5000000.0,960000,960000,"[2,5,0]",[],,,b57a3bead5fee5a0135f08ce0d8c5d55c670967639df708de9d6af4605128d3d
series,load-20000-copies-1,current,False,19,ready,[],599.5757519995095,100.85926300052961,71.2795110011939,0.6708679993607802,1.0851890001504216,798.2310469997174,949.986412000726,145375232,143904768,201302016,20000,20000,1,1,"[99990.0,20.0,30.0]","[0.0,0.0,0.0]",5000000.0,960000,960000,,,,,b57a3bead5fee5a0135f08ce0d8c5d55c670967639df708de9d6af4605128d3d
series,core-basic,current,False,20,ready,[],547.838739999861,1.532741000119131,0.13752700033364818,0.45102900003257673,0.09959199996956158,550.3812089991698,689.7592040004383,105570304,105357312,201302016,4,4,1,1,"[10.0,20.0,30.0]","[0.0,0.0,0.0]",1000.0,192,192,,,,,b57a3bead5fee5a0135f08ce0d8c5d55c670967639df708de9d6af4605128d3d
series,core-basic,lib3mf-public,False,20,ready,[],139.35253500130784,1.625175998924533,0.3554239992809016,0.8574770017730771,0.10603400005493313,149.36392100025842,244.37289900015458,49041408,48779264,201302016,4,4,1,1,"[10.0,20.0,30.0]","[0.0,0.0,0.0]",1000.0,192,192,"[2,5,0]",[],,,b57a3bead5fee5a0135f08ce0d8c5d55c670967639df708de9d6af4605128d3d
series,core-basic,lib3mf-buffer,False,20,ready,[],143.21761899918783,1.6780400001152884,0.22720099877915345,0.8581920010328759,0.14008300058776513,153.05241699934413,250.64793399906193,49106944,48840704,201302016,4,4,1,1,"[10.0,20.0,30.0]","[0.0,0.0,0.0]",1000.0,192,192,"[2,5,0]",[],,,b57a3bead5fee5a0135f08ce0d8c5d55c670967639df708de9d6af4605128d3d
series,load-5000-copies-1,current,False,20,ready,[],551.8546439998318,19.79802299683797,13.403559001744725,0.5030740012443857,0.19509499907144345,589.8115059990232,737.3227429998224,115556352,115343360,201302016,5000,5000,1,1,"[24990.0,20.0,30.0]","[0.0,0.0,0.0]",1250000.0,240000,240000,,,,,b57a3bead5fee5a0135f08ce0d8c5d55c670967639df708de9d6af4605128d3d
series,load-5000-copies-1,lib3mf-public,False,20,ready,[],140.5525520003721,8.389276999878348,16.92661400011275,1.1743520008167252,0.25869499950204045,175.72808799923223,274.9297629998182,51359744,51097600,201302016,5000,5000,1,1,"[24990.0,20.0,30.0]","[0.0,0.0,0.0]",1250000.0,240000,240000,"[2,5,0]",[],,,b57a3bead5fee5a0135f08ce0d8c5d55c670967639df708de9d6af4605128d3d
series,load-5000-copies-1,lib3mf-buffer,False,20,ready,[],159.57827400052338,9.18918599927565,0.5657540004904149,1.0216909995506285,0.2156470000045374,179.88244000116538,287.9364849995909,49295360,49033216,201302016,5000,5000,1,1,"[24990.0,20.0,30.0]","[0.0,0.0,0.0]",1250000.0,240000,240000,"[2,5,0]",[],,,b57a3bead5fee5a0135f08ce0d8c5d55c670967639df708de9d6af4605128d3d
series,load-20000-copies-1,current,False,20,ready,[],652.8289400012,74.77158300025621,63.70721800158208,0.6592120007553604,1.0367219983891118,813.8154130010662,976.0659119983757,145092608,143859712,201302016,20000,20000,1,1,"[99990.0,20.0,30.0]","[0.0,0.0,0.0]",5000000.0,960000,960000,,,,,b57a3bead5fee5a0135f08ce0d8c5d55c670967639df708de9d6af4605128d3d
series,load-20000-copies-1,lib3mf-public,False,20,ready,[],140.32555500125454,28.118281999923056,68.68162200044026,1.2294640000618529,0.7890699998824857,251.1597000011534,354.1637790003733,54968320,52117504,201302016,20000,20000,1,1,"[99990.0,20.0,30.0]","[0.0,0.0,0.0]",5000000.0,960000,960000,"[2,5,0]",[],,,b57a3bead5fee5a0135f08ce0d8c5d55c670967639df708de9d6af4605128d3d
series,load-20000-copies-1,lib3mf-buffer,False,20,ready,[],147.0257490000222,45.12628699922061,1.9354050000401912,1.4936810002836864,1.0032859991042642,214.86983400063764,330.05700499961677,52350976,49594368,201302016,20000,20000,1,1,"[99990.0,20.0,30.0]","[0.0,0.0,0.0]",5000000.0,960000,960000,"[2,5,0]",[],,,b57a3bead5fee5a0135f08ce0d8c5d55c670967639df708de9d6af4605128d3d
series,core-basic,lib3mf-buffer,False,21,ready,[],143.40602799893531,1.5581849984300788,0.21063500025775284,1.0228049995930633,0.10572700011834968,153.31761699962954,251.102030999391,49094656,48828416,201302016,4,4,1,1,"[10.0,20.0,30.0]","[0.0,0.0,0.0]",1000.0,192,192,"[2,5,0]",[],,,b57a3bead5fee5a0135f08ce0d8c5d55c670967639df708de9d6af4605128d3d
series,core-basic,lib3mf-public,False,21,ready,[],145.3391630002443,1.6652409995003836,0.27924400092160795,0.9048089996213093,0.11145200005557854,155.2046370015887,254.06797299910977,49049600,48783360,201302016,4,4,1,1,"[10.0,20.0,30.0]","[0.0,0.0,0.0]",1000.0,192,192,"[2,5,0]",[],,,b57a3bead5fee5a0135f08ce0d8c5d55c670967639df708de9d6af4605128d3d
series,core-basic,current,False,21,ready,[],562.9676309999923,1.5808849966560956,0.23548100034531672,0.4418220014485996,0.10204500176769216,565.5726500008313,713.1924960012839,105852928,105639936,201302016,4,4,1,1,"[10.0,20.0,30.0]","[0.0,0.0,0.0]",1000.0,192,192,,,,,b57a3bead5fee5a0135f08ce0d8c5d55c670967639df708de9d6af4605128d3d
series,load-5000-copies-1,lib3mf-buffer,False,21,ready,[],142.7752479994524,8.495940001012059,0.6156460003694519,1.0505150003154995,0.23445799888577312,161.22786899904895,268.3246689994121,49336320,49070080,201302016,5000,5000,1,1,"[24990.0,20.0,30.0]","[0.0,0.0,0.0]",1250000.0,240000,240000,"[2,5,0]",[],,,b57a3bead5fee5a0135f08ce0d8c5d55c670967639df708de9d6af4605128d3d
series,load-5000-copies-1,lib3mf-public,False,21,ready,[],186.74789800024882,13.133073000062723,28.85122699990461,1.4542989993060473,0.30245499874581583,243.2096510001429,366.8346279991965,51482624,51220480,201302016,5000,5000,1,1,"[24990.0,20.0,30.0]","[0.0,0.0,0.0]",1250000.0,240000,240000,"[2,5,0]",[],,,b57a3bead5fee5a0135f08ce0d8c5d55c670967639df708de9d6af4605128d3d
series,load-5000-copies-1,current,False,21,ready,[],572.1845340012806,19.881256001099246,13.104544999805512,0.5598179996013641,0.1877309987321496,609.6698399996967,754.9981640004262,115568640,115355648,201302016,5000,5000,1,1,"[24990.0,20.0,30.0]","[0.0,0.0,0.0]",1250000.0,240000,240000,,,,,b57a3bead5fee5a0135f08ce0d8c5d55c670967639df708de9d6af4605128d3d
series,load-20000-copies-1,lib3mf-buffer,False,21,ready,[],150.06975200049055,28.767279000021517,1.7665710001892876,1.0714760010159807,0.7084889984980691,194.74097400052415,298.1205810010579,52318208,49557504,201302016,20000,20000,1,1,"[99990.0,20.0,30.0]","[0.0,0.0,0.0]",5000000.0,960000,960000,"[2,5,0]",[],,,b57a3bead5fee5a0135f08ce0d8c5d55c670967639df708de9d6af4605128d3d
series,load-20000-copies-1,lib3mf-public,False,21,ready,[],141.67125699896133,27.891816000192193,68.84911800079863,1.2390639985824237,0.8193279991246527,252.1498669993889,352.36954600077297,54956032,52105216,201302016,20000,20000,1,1,"[99990.0,20.0,30.0]","[0.0,0.0,0.0]",5000000.0,960000,960000,"[2,5,0]",[],,,b57a3bead5fee5a0135f08ce0d8c5d55c670967639df708de9d6af4605128d3d
series,load-20000-copies-1,current,False,21,ready,[],616.4102519996959,98.79850799734413,81.19875200100068,0.8780200005276129,1.4537890001520282,825.5418690005172,993.9890900004684,145321984,143220736,201302016,20000,20000,1,1,"[99990.0,20.0,30.0]","[0.0,0.0,0.0]",5000000.0,960000,960000,,,,,b57a3bead5fee5a0135f08ce0d8c5d55c670967639df708de9d6af4605128d3d
series,core-basic,current,False,22,ready,[],633.9640969999891,2.0480629991652677,0.16554200192331336,0.5215770015638554,0.16216899894061498,637.13271800043,821.7452310000226,105779200,105566208,201302016,4,4,1,1,"[10.0,20.0,30.0]","[0.0,0.0,0.0]",1000.0,192,192,,,,,b57a3bead5fee5a0135f08ce0d8c5d55c670967639df708de9d6af4605128d3d
series,core-basic,lib3mf-public,False,22,ready,[],161.1186660011299,3.1143260002863826,0.49008300084096845,1.6116629994940013,0.17832400044426322,178.15717200028303,330.93153499976324,49152000,48885760,201302016,4,4,1,1,"[10.0,20.0,30.0]","[0.0,0.0,0.0]",1000.0,192,192,"[2,5,0]",[],,,b57a3bead5fee5a0135f08ce0d8c5d55c670967639df708de9d6af4605128d3d
series,core-basic,lib3mf-buffer,False,22,ready,[],174.61809999986144,1.665547999436967,0.18047099911200348,0.9732140006235568,0.10593099977995735,184.618135999699,320.95154099988576,49184768,48918528,201302016,4,4,1,1,"[10.0,20.0,30.0]","[0.0,0.0,0.0]",1000.0,192,192,"[2,5,0]",[],,,b57a3bead5fee5a0135f08ce0d8c5d55c670967639df708de9d6af4605128d3d
series,load-5000-copies-1,current,False,22,ready,[],545.5809640006919,19.73258500220254,13.09544499963522,0.657567999951425,0.229448998652515,583.9278270013892,768.0543460010085,115453952,115240960,201302016,5000,5000,1,1,"[24990.0,20.0,30.0]","[0.0,0.0,0.0]",1250000.0,240000,240000,,,,,b57a3bead5fee5a0135f08ce0d8c5d55c670967639df708de9d6af4605128d3d
series,load-5000-copies-1,lib3mf-public,False,22,ready,[],146.2411089996749,8.563834000597126,16.838708999785013,1.1078780007665046,0.2076700002362486,181.3062639994314,288.3123669998895,51437568,51175424,201302016,5000,5000,1,1,"[24990.0,20.0,30.0]","[0.0,0.0,0.0]",1250000.0,240000,240000,"[2,5,0]",[],,,b57a3bead5fee5a0135f08ce0d8c5d55c670967639df708de9d6af4605128d3d
series,load-5000-copies-1,lib3mf-buffer,False,22,ready,[],153.5574949994043,8.687964998898678,0.6066490004741354,0.9871199999906821,0.1967289990716381,171.96389899982023,303.94146100115904,49381376,49115136,201302016,5000,5000,1,1,"[24990.0,20.0,30.0]","[0.0,0.0,0.0]",1250000.0,240000,240000,"[2,5,0]",[],,,b57a3bead5fee5a0135f08ce0d8c5d55c670967639df708de9d6af4605128d3d
series,load-20000-copies-1,current,False,22,ready,[],599.7217479998653,81.52094199977,70.97049599906313,0.7737249998172047,1.1522530003276188,778.3237069997995,956.2785270009044,145346560,143253504,201302016,20000,20000,1,1,"[99990.0,20.0,30.0]","[0.0,0.0,0.0]",5000000.0,960000,960000,,,,,b57a3bead5fee5a0135f08ce0d8c5d55c670967639df708de9d6af4605128d3d
series,load-20000-copies-1,lib3mf-public,False,22,ready,[],165.43281299891532,28.971909998290357,77.54116800060729,1.267075998839573,0.8984239993878873,287.37601799912227,399.32121700076095,54972416,52121600,201302016,20000,20000,1,1,"[99990.0,20.0,30.0]","[0.0,0.0,0.0]",5000000.0,960000,960000,"[2,5,0]",[],,,b57a3bead5fee5a0135f08ce0d8c5d55c670967639df708de9d6af4605128d3d
series,load-20000-copies-1,lib3mf-buffer,False,22,ready,[],171.85744000016712,29.32880499974999,1.7834549998951843,1.0162979997403454,0.685574999806704,218.62198000053468,316.88260699957027,52420608,49664000,201302016,20000,20000,1,1,"[99990.0,20.0,30.0]","[0.0,0.0,0.0]",5000000.0,960000,960000,"[2,5,0]",[],,,b57a3bead5fee5a0135f08ce0d8c5d55c670967639df708de9d6af4605128d3d
series,core-basic,lib3mf-buffer,False,23,ready,[],151.6609040008916,1.7383699996571522,0.19219800014980137,0.9767339997779345,0.10826499965332914,161.5857849992608,265.67522500045015,49123328,48857088,201302016,4,4,1,1,"[10.0,20.0,30.0]","[0.0,0.0,0.0]",1000.0,192,192,"[2,5,0]",[],,,b57a3bead5fee5a0135f08ce0d8c5d55c670967639df708de9d6af4605128d3d
series,core-basic,lib3mf-public,False,23,ready,[],159.42866899968067,1.6926719999901252,0.21397299860836938,0.9343080018879846,0.10765200022433419,169.48696399958862,271.3945480008988,49020928,48754688,201302016,4,4,1,1,"[10.0,20.0,30.0]","[0.0,0.0,0.0]",1000.0,192,192,"[2,5,0]",[],,,b57a3bead5fee5a0135f08ce0d8c5d55c670967639df708de9d6af4605128d3d
series,core-basic,current,False,23,ready,[],583.4731239992834,1.8421349996060599,0.2330919996893499,0.4672049999498995,0.10611800098558888,586.3533339997957,745.0448010004038,105668608,105455616,201302016,4,4,1,1,"[10.0,20.0,30.0]","[0.0,0.0,0.0]",1000.0,192,192,,,,,b57a3bead5fee5a0135f08ce0d8c5d55c670967639df708de9d6af4605128d3d
series,load-5000-copies-1,lib3mf-buffer,False,23,ready,[],146.56183000079182,8.369508001123904,0.5474569989019074,0.9409530011907918,0.20926999968651216,164.2696060007438,261.53847000023234,49328128,49061888,201302016,5000,5000,1,1,"[24990.0,20.0,30.0]","[0.0,0.0,0.0]",1250000.0,240000,240000,"[2,5,0]",[],,,b57a3bead5fee5a0135f08ce0d8c5d55c670967639df708de9d6af4605128d3d
series,load-5000-copies-1,lib3mf-public,False,23,ready,[],142.85864400153514,8.312461999594234,18.854829999327194,0.9919680014718324,0.2616139991005184,179.1259000001446,288.1698580004013,51523584,51261440,201302016,5000,5000,1,1,"[24990.0,20.0,30.0]","[0.0,0.0,0.0]",1250000.0,240000,240000,"[2,5,0]",[],,,b57a3bead5fee5a0135f08ce0d8c5d55c670967639df708de9d6af4605128d3d
series,load-5000-copies-1,current,False,23,ready,[],593.6116720004065,20.783047999429982,13.394565999988117,0.48386900016339496,0.2145870003005257,633.5481719997915,784.6258369991119,115412992,115200000,201302016,5000,5000,1,1,"[24990.0,20.0,30.0]","[0.0,0.0,0.0]",1250000.0,240000,240000,,,,,b57a3bead5fee5a0135f08ce0d8c5d55c670967639df708de9d6af4605128d3d
series,load-20000-copies-1,lib3mf-buffer,False,23,ready,[],203.34785999875749,33.76551199835376,1.7434820001653861,1.157890001195483,0.8467959996778518,257.37114699950325,375.7479539999622,52273152,49516544,201302016,20000,20000,1,1,"[99990.0,20.0,30.0]","[0.0,0.0,0.0]",5000000.0,960000,960000,"[2,5,0]",[],,,b57a3bead5fee5a0135f08ce0d8c5d55c670967639df708de9d6af4605128d3d
series,load-20000-copies-1,lib3mf-public,False,23,ready,[],167.8925390006043,37.35910400064313,75.94981000147527,1.3441579994832864,0.8507830007147277,296.53108499951486,417.3222259996692,54919168,52068352,201302016,20000,20000,1,1,"[99990.0,20.0,30.0]","[0.0,0.0,0.0]",5000000.0,960000,960000,"[2,5,0]",[],,,b57a3bead5fee5a0135f08ce0d8c5d55c670967639df708de9d6af4605128d3d
series,load-20000-copies-1,current,False,23,ready,[],585.8476899993548,93.32205799728399,70.82814000204962,0.7184930000221357,1.2339530003373511,782.3066820001259,942.8581750016747,145334272,144162816,201302016,20000,20000,1,1,"[99990.0,20.0,30.0]","[0.0,0.0,0.0]",5000000.0,960000,960000,,,,,b57a3bead5fee5a0135f08ce0d8c5d55c670967639df708de9d6af4605128d3d
series,core-basic,current,False,24,ready,[],603.2428369999252,1.5323710013035452,0.15866499961703084,0.4517679990385659,0.13658299940288998,605.7296549988678,751.0705160002544,105623552,105410560,201302016,4,4,1,1,"[10.0,20.0,30.0]","[0.0,0.0,0.0]",1000.0,192,192,,,,,b57a3bead5fee5a0135f08ce0d8c5d55c670967639df708de9d6af4605128d3d
series,core-basic,lib3mf-public,False,24,ready,[],172.08889599896793,1.9781060000241268,0.23942900043039117,1.1966379988734843,0.3505569984554313,183.41487999896344,295.5562930001179,49061888,48795648,201302016,4,4,1,1,"[10.0,20.0,30.0]","[0.0,0.0,0.0]",1000.0,192,192,"[2,5,0]",[],,,b57a3bead5fee5a0135f08ce0d8c5d55c670967639df708de9d6af4605128d3d
series,core-basic,lib3mf-buffer,False,24,ready,[],149.53415199852316,1.5434119995916262,0.20497699915722478,0.907012001334806,0.10928699884971138,159.68629700000747,264.0129169994907,49246208,48979968,201302016,4,4,1,1,"[10.0,20.0,30.0]","[0.0,0.0,0.0]",1000.0,192,192,"[2,5,0]",[],,,b57a3bead5fee5a0135f08ce0d8c5d55c670967639df708de9d6af4605128d3d
series,load-5000-copies-1,current,False,24,ready,[],585.9841709989269,19.51934499993513,13.819343999784905,0.5313050005497644,0.20538599892461207,624.6600359991135,778.8506950000738,115458048,115245056,201302016,5000,5000,1,1,"[24990.0,20.0,30.0]","[0.0,0.0,0.0]",1250000.0,240000,240000,,,,,b57a3bead5fee5a0135f08ce0d8c5d55c670967639df708de9d6af4605128d3d
series,load-5000-copies-1,lib3mf-public,False,24,ready,[],146.25993499976175,8.664042001328198,17.233721999218687,1.0538180013099918,0.2359530008106958,181.7552299999079,288.3962010000687,51572736,51310592,201302016,5000,5000,1,1,"[24990.0,20.0,30.0]","[0.0,0.0,0.0]",1250000.0,240000,240000,"[2,5,0]",[],,,b57a3bead5fee5a0135f08ce0d8c5d55c670967639df708de9d6af4605128d3d
series,load-5000-copies-1,lib3mf-buffer,False,24,ready,[],146.95409800151538,8.45569000011892,0.5562490005104337,0.9621159988455474,0.23769200015522074,165.05618700102787,269.15349799855903,49438720,49176576,201302016,5000,5000,1,1,"[24990.0,20.0,30.0]","[0.0,0.0,0.0]",1250000.0,240000,240000,"[2,5,0]",[],,,b57a3bead5fee5a0135f08ce0d8c5d55c670967639df708de9d6af4605128d3d
series,load-20000-copies-1,current,False,24,ready,[],581.8754140000237,76.8606159981573,70.23450300221157,0.7208269998955075,1.1139130001538433,757.4545150000631,908.659558999716,145199104,144003072,201302016,20000,20000,1,1,"[99990.0,20.0,30.0]","[0.0,0.0,0.0]",5000000.0,960000,960000,,,,,b57a3bead5fee5a0135f08ce0d8c5d55c670967639df708de9d6af4605128d3d
series,load-20000-copies-1,lib3mf-public,False,24,ready,[],141.58864700038976,27.942620999965584,71.53422300143575,1.2816179987567011,0.9424239997315453,256.1600190001627,363.2792280004651,54837248,51986432,201302016,20000,20000,1,1,"[99990.0,20.0,30.0]","[0.0,0.0,0.0]",5000000.0,960000,960000,"[2,5,0]",[],,,b57a3bead5fee5a0135f08ce0d8c5d55c670967639df708de9d6af4605128d3d
series,load-20000-copies-1,lib3mf-buffer,False,24,ready,[],164.86915300083638,29.93576100016071,1.845375998527743,1.105016001019976,0.8442550006293459,215.1863630006119,324.2515709989675,52281344,49520640,201302016,20000,20000,1,1,"[99990.0,20.0,30.0]","[0.0,0.0,0.0]",5000000.0,960000,960000,"[2,5,0]",[],,,b57a3bead5fee5a0135f08ce0d8c5d55c670967639df708de9d6af4605128d3d
series,core-basic,lib3mf-buffer,False,25,ready,[],186.61188100122672,1.9014139998034807,0.18590800027595833,0.8876120009517763,0.14234600166673772,197.24677000158408,317.3945590006042,49176576,48910336,201302016,4,4,1,1,"[10.0,20.0,30.0]","[0.0,0.0,0.0]",1000.0,192,192,"[2,5,0]",[],,,b57a3bead5fee5a0135f08ce0d8c5d55c670967639df708de9d6af4605128d3d
series,core-basic,lib3mf-public,False,25,ready,[],142.8902059997199,1.7108020001614932,0.21638100042764563,0.8858740002324339,0.1606499990884913,152.98751599948446,247.8819050011225,49037312,48771072,201302016,4,4,1,1,"[10.0,20.0,30.0]","[0.0,0.0,0.0]",1000.0,192,192,"[2,5,0]",[],,,b57a3bead5fee5a0135f08ce0d8c5d55c670967639df708de9d6af4605128d3d
series,core-basic,current,False,25,ready,[],626.3923829992564,1.8363780000072438,0.3948230005335063,0.46517800001311116,0.10665700028766878,629.4252980005695,829.4622200010053,105717760,105504768,201302016,4,4,1,1,"[10.0,20.0,30.0]","[0.0,0.0,0.0]",1000.0,192,192,,,,,b57a3bead5fee5a0135f08ce0d8c5d55c670967639df708de9d6af4605128d3d
series,load-5000-copies-1,lib3mf-buffer,False,25,ready,[],157.49982000124874,9.02982399929897,0.6382020001183264,1.1079819996666629,0.30718800007889513,177.63860700142686,296.74631400121143,49385472,49119232,201302016,5000,5000,1,1,"[24990.0,20.0,30.0]","[0.0,0.0,0.0]",1250000.0,240000,240000,"[2,5,0]",[],,,b57a3bead5fee5a0135f08ce0d8c5d55c670967639df708de9d6af4605128d3d
series,load-5000-copies-1,lib3mf-public,False,25,ready,[],179.46741699961422,8.795341998848016,17.46449600068445,1.3020699989283457,0.21597200066025835,216.29996999945433,323.2725380003103,51429376,51167232,201302016,5000,5000,1,1,"[24990.0,20.0,30.0]","[0.0,0.0,0.0]",1250000.0,240000,240000,"[2,5,0]",[],,,b57a3bead5fee5a0135f08ce0d8c5d55c670967639df708de9d6af4605128d3d
series,load-5000-copies-1,current,False,25,ready,[],701.45599100033,22.45404500172299,16.62658100030967,0.5461679993459256,0.21505199947569054,747.8212799996982,905.0526680002804,115486720,115273728,201302016,5000,5000,1,1,"[24990.0,20.0,30.0]","[0.0,0.0,0.0]",1250000.0,240000,240000,,,,,b57a3bead5fee5a0135f08ce0d8c5d55c670967639df708de9d6af4605128d3d
series,load-20000-copies-1,lib3mf-buffer,False,25,ready,[],153.40667799864605,29.116048999640043,1.7877009995572735,1.0205500002484769,0.7090670005709399,198.5468979983125,300.73545900086174,52420608,49659904,201302016,20000,20000,1,1,"[99990.0,20.0,30.0]","[0.0,0.0,0.0]",5000000.0,960000,960000,"[2,5,0]",[],,,b57a3bead5fee5a0135f08ce0d8c5d55c670967639df708de9d6af4605128d3d
series,load-20000-copies-1,lib3mf-public,False,25,ready,[],144.35026700084563,28.225777999978163,72.17958200089925,1.090801999453106,0.8409819984080968,258.8149830007751,363.0128419990797,54849536,51998720,201302016,20000,20000,1,1,"[99990.0,20.0,30.0]","[0.0,0.0,0.0]",5000000.0,960000,960000,"[2,5,0]",[],,,b57a3bead5fee5a0135f08ce0d8c5d55c670967639df708de9d6af4605128d3d
series,load-20000-copies-1,current,False,25,ready,[],630.4389969991462,76.95039800091763,71.04276299833145,0.5822650000482099,1.0728050001489464,801.9370219990378,958.3035000014206,145391616,144093184,201302016,20000,20000,1,1,"[99990.0,20.0,30.0]","[0.0,0.0,0.0]",5000000.0,960000,960000,,,,,b57a3bead5fee5a0135f08ce0d8c5d55c670967639df708de9d6af4605128d3d
series,core-basic,current,False,26,ready,[],708.4080020013062,1.5924879990052432,0.14285699944593944,0.5094570005894639,0.10307699994882569,711.0339250011748,869.2138740007067,105545728,105332736,201302016,4,4,1,1,"[10.0,20.0,30.0]","[0.0,0.0,0.0]",1000.0,192,192,,,,,b57a3bead5fee5a0135f08ce0d8c5d55c670967639df708de9d6af4605128d3d
series,core-basic,lib3mf-public,False,26,ready,[],192.61093599925516,1.6618199988442939,0.23570800112793222,0.9275969987356802,0.11637200077529997,202.81572199928632,308.3356939987425,49127424,48865280,201302016,4,4,1,1,"[10.0,20.0,30.0]","[0.0,0.0,0.0]",1000.0,192,192,"[2,5,0]",[],,,b57a3bead5fee5a0135f08ce0d8c5d55c670967639df708de9d6af4605128d3d
series,core-basic,lib3mf-buffer,False,26,ready,[],176.50342500019178,1.7107000003306894,0.27354499979992397,1.143976998719154,0.11718899986590259,187.5994020010694,301.0588029992505,49115136,48852992,201302016,4,4,1,1,"[10.0,20.0,30.0]","[0.0,0.0,0.0]",1000.0,192,192,"[2,5,0]",[],,,b57a3bead5fee5a0135f08ce0d8c5d55c670967639df708de9d6af4605128d3d
series,load-5000-copies-1,current,False,26,ready,[],638.5718000001361,20.94111499718565,14.728748001289205,0.6284870014496846,0.2506380005797837,680.2486930009763,834.5231120001699,115511296,115298304,201302016,5000,5000,1,1,"[24990.0,20.0,30.0]","[0.0,0.0,0.0]",1250000.0,240000,240000,,,,,b57a3bead5fee5a0135f08ce0d8c5d55c670967639df708de9d6af4605128d3d
series,load-5000-copies-1,lib3mf-public,False,26,ready,[],152.76138599983824,8.699362000697874,18.86320599987812,1.171198000520235,0.30361400058609433,189.887013999396,294.7899459995824,51453952,51191808,201302016,5000,5000,1,1,"[24990.0,20.0,30.0]","[0.0,0.0,0.0]",1250000.0,240000,240000,"[2,5,0]",[],,,b57a3bead5fee5a0135f08ce0d8c5d55c670967639df708de9d6af4605128d3d
series,load-5000-copies-1,lib3mf-buffer,False,26,ready,[],154.19457700045314,8.850606000123662,0.6431210003938759,1.0894909992202884,0.23826799952075817,174.8691360007797,291.8235529996309,49287168,49020928,201302016,5000,5000,1,1,"[24990.0,20.0,30.0]","[0.0,0.0,0.0]",1250000.0,240000,240000,"[2,5,0]",[],,,b57a3bead5fee5a0135f08ce0d8c5d55c670967639df708de9d6af4605128d3d
series,load-20000-copies-1,current,False,26,ready,[],708.7349699995684,87.25059900098131,70.96141199872363,0.9987859993998427,1.80133100002422,899.5875349992275,1087.427791000664,145203200,143245312,201302016,20000,20000,1,1,"[99990.0,20.0,30.0]","[0.0,0.0,0.0]",5000000.0,960000,960000,,,,,b57a3bead5fee5a0135f08ce0d8c5d55c670967639df708de9d6af4605128d3d
series,load-20000-copies-1,lib3mf-public,False,26,ready,[],174.47716900096566,31.628065000404604,73.0386430004728,1.1724249998223968,0.8661520005261991,294.71652200118115,401.60966199982795,54845440,51994624,201302016,20000,20000,1,1,"[99990.0,20.0,30.0]","[0.0,0.0,0.0]",5000000.0,960000,960000,"[2,5,0]",[],,,b57a3bead5fee5a0135f08ce0d8c5d55c670967639df708de9d6af4605128d3d
series,load-20000-copies-1,lib3mf-buffer,False,26,ready,[],145.7219290005014,28.263466001590132,1.8749589999060845,1.0928659994533518,0.8086819998425199,190.54700800006685,298.8671000002796,52297728,49537024,201302016,20000,20000,1,1,"[99990.0,20.0,30.0]","[0.0,0.0,0.0]",5000000.0,960000,960000,"[2,5,0]",[],,,b57a3bead5fee5a0135f08ce0d8c5d55c670967639df708de9d6af4605128d3d
series,core-basic,lib3mf-buffer,False,27,ready,[],145.95907199873182,1.697944999250467,0.17854799989436287,0.9497000010014744,0.19255799998063594,156.12997299831477,264.13152199893375,49131520,48865280,201302016,4,4,1,1,"[10.0,20.0,30.0]","[0.0,0.0,0.0]",1000.0,192,192,"[2,5,0]",[],,,b57a3bead5fee5a0135f08ce0d8c5d55c670967639df708de9d6af4605128d3d
series,core-basic,lib3mf-public,False,27,ready,[],183.83683200045198,1.8149320003431058,0.2655730004335055,0.9601300007489044,0.11023700062651187,194.24364900078217,309.09189299927675,49053696,48791552,201302016,4,4,1,1,"[10.0,20.0,30.0]","[0.0,0.0,0.0]",1000.0,192,192,"[2,5,0]",[],,,b57a3bead5fee5a0135f08ce0d8c5d55c670967639df708de9d6af4605128d3d
series,core-basic,current,False,27,ready,[],577.4853549992258,1.6561219999857713,0.16893499923753552,0.40812400038703345,0.10185199971601833,580.0319659992965,730.6053720003547,105590784,105377792,201302016,4,4,1,1,"[10.0,20.0,30.0]","[0.0,0.0,0.0]",1000.0,192,192,,,,,b57a3bead5fee5a0135f08ce0d8c5d55c670967639df708de9d6af4605128d3d
series,load-5000-copies-1,lib3mf-buffer,False,27,ready,[],150.51337700060685,8.5889190013404,0.6363709999277489,1.0346800008846913,0.22927000100025907,168.9614030001394,271.0054190010851,49315840,49053696,201302016,5000,5000,1,1,"[24990.0,20.0,30.0]","[0.0,0.0,0.0]",1250000.0,240000,240000,"[2,5,0]",[],,,b57a3bead5fee5a0135f08ce0d8c5d55c670967639df708de9d6af4605128d3d
series,load-5000-copies-1,lib3mf-public,False,27,ready,[],158.8393839992932,8.983546000308706,17.293291999521898,1.040200999341323,0.2040110011876095,194.29610899896943,294.65997199986305,51539968,51277824,201302016,5000,5000,1,1,"[24990.0,20.0,30.0]","[0.0,0.0,0.0]",1250000.0,240000,240000,"[2,5,0]",[],,,b57a3bead5fee5a0135f08ce0d8c5d55c670967639df708de9d6af4605128d3d
series,load-5000-copies-1,current,False,27,ready,[],565.5379729996639,20.64541500112682,14.201935999153648,0.5810479997307993,0.2693559999897843,606.705066998984,763.9814899994235,115507200,115294208,201302016,5000,5000,1,1,"[24990.0,20.0,30.0]","[0.0,0.0,0.0]",1250000.0,240000,240000,,,,,b57a3bead5fee5a0135f08ce0d8c5d55c670967639df708de9d6af4605128d3d
series,load-20000-copies-1,lib3mf-buffer,False,27,ready,[],142.74500200008333,28.165092000563163,1.7845599995780503,1.0673010001482908,0.7375079985649791,186.82807500044873,298.00289099875954,52264960,49504256,201302016,20000,20000,1,1,"[99990.0,20.0,30.0]","[0.0,0.0,0.0]",5000000.0,960000,960000,"[2,5,0]",[],,,b57a3bead5fee5a0135f08ce0d8c5d55c670967639df708de9d6af4605128d3d
series,load-20000-copies-1,lib3mf-public,False,27,ready,[],162.68839300028048,46.353067000382,122.03342400061956,1.6291229985654354,1.204636999318609,353.4533199999714,472.39426400119555,54849536,51998720,201302016,20000,20000,1,1,"[99990.0,20.0,30.0]","[0.0,0.0,0.0]",5000000.0,960000,960000,"[2,5,0]",[],,,b57a3bead5fee5a0135f08ce0d8c5d55c670967639df708de9d6af4605128d3d
series,load-20000-copies-1,current,False,27,ready,[],587.2882179992303,79.17564600211335,61.842879998948774,0.6210319988895208,1.1421560011513066,750.2481159990566,907.3631709998153,145215488,143945728,201302016,20000,20000,1,1,"[99990.0,20.0,30.0]","[0.0,0.0,0.0]",5000000.0,960000,960000,,,,,b57a3bead5fee5a0135f08ce0d8c5d55c670967639df708de9d6af4605128d3d
series,core-basic,current,False,28,ready,[],618.7521539995942,1.6783120008767582,0.1504259980720235,0.43604200072877575,0.103999000202748,621.3802679994842,770.3827350014762,105517056,105304064,201302016,4,4,1,1,"[10.0,20.0,30.0]","[0.0,0.0,0.0]",1000.0,192,192,,,,,b57a3bead5fee5a0135f08ce0d8c5d55c670967639df708de9d6af4605128d3d
series,core-basic,lib3mf-public,False,28,ready,[],142.3029259985924,1.6037630011851434,0.30852199961373117,0.9657550017436733,0.10778300020319875,152.18248499877518,274.5419179991586,49037312,48775168,201302016,4,4,1,1,"[10.0,20.0,30.0]","[0.0,0.0,0.0]",1000.0,192,192,"[2,5,0]",[],,,b57a3bead5fee5a0135f08ce0d8c5d55c670967639df708de9d6af4605128d3d
series,core-basic,lib3mf-buffer,False,28,ready,[],153.84228699986124,1.639452000745223,0.20677299835369922,0.9879450026346603,0.10747700071078725,164.39932599860185,266.72312800110376,49082368,48820224,201302016,4,4,1,1,"[10.0,20.0,30.0]","[0.0,0.0,0.0]",1000.0,192,192,"[2,5,0]",[],,,b57a3bead5fee5a0135f08ce0d8c5d55c670967639df708de9d6af4605128d3d
series,load-5000-copies-1,current,False,28,ready,[],614.8607060003997,19.871344999046414,14.607451001211302,0.586762000239105,0.19909799993911292,655.2080410001508,822.0177690000128,115560448,115347456,201302016,5000,5000,1,1,"[24990.0,20.0,30.0]","[0.0,0.0,0.0]",1250000.0,240000,240000,,,,,b57a3bead5fee5a0135f08ce0d8c5d55c670967639df708de9d6af4605128d3d
series,load-5000-copies-1,lib3mf-public,False,28,ready,[],146.77830500113487,8.569912999519147,16.874056000233395,1.1494930004118942,0.2362180002819514,182.34243400002015,292.0268150010088,51539968,51277824,201302016,5000,5000,1,1,"[24990.0,20.0,30.0]","[0.0,0.0,0.0]",1250000.0,240000,240000,"[2,5,0]",[],,,b57a3bead5fee5a0135f08ce0d8c5d55c670967639df708de9d6af4605128d3d
series,load-5000-copies-1,lib3mf-buffer,False,28,ready,[],150.09466400078963,8.37899599900993,0.5858410004293546,1.00121799914632,0.21382300110417418,168.3679289999418,264.04743599960057,49352704,49086464,201302016,5000,5000,1,1,"[24990.0,20.0,30.0]","[0.0,0.0,0.0]",1250000.0,240000,240000,"[2,5,0]",[],,,b57a3bead5fee5a0135f08ce0d8c5d55c670967639df708de9d6af4605128d3d
series,load-20000-copies-1,current,False,28,ready,[],574.9465499993676,77.24804899771698,62.97678700138931,0.6371750005200738,1.0090910000144504,737.8750190000574,884.5294880011352,145260544,144089088,201302016,20000,20000,1,1,"[99990.0,20.0,30.0]","[0.0,0.0,0.0]",5000000.0,960000,960000,,,,,b57a3bead5fee5a0135f08ce0d8c5d55c670967639df708de9d6af4605128d3d
series,load-20000-copies-1,lib3mf-public,False,28,ready,[],139.75342200137675,28.263658001378644,70.87496300118801,1.1260749997745734,0.9834239990595961,252.59044700032973,352.2193980006705,54849536,51998720,201302016,20000,20000,1,1,"[99990.0,20.0,30.0]","[0.0,0.0,0.0]",5000000.0,960000,960000,"[2,5,0]",[],,,b57a3bead5fee5a0135f08ce0d8c5d55c670967639df708de9d6af4605128d3d
series,load-20000-copies-1,lib3mf-buffer,False,28,ready,[],138.74974999998813,27.72731000004569,1.7171330000564922,1.0065339993161615,0.637379998806864,181.21390400119708,279.64284700101416,52252672,49491968,201302016,20000,20000,1,1,"[99990.0,20.0,30.0]","[0.0,0.0,0.0]",5000000.0,960000,960000,"[2,5,0]",[],,,b57a3bead5fee5a0135f08ce0d8c5d55c670967639df708de9d6af4605128d3d
series,core-basic,lib3mf-buffer,False,29,ready,[],142.82834799996635,1.568448000398348,0.1870319993031444,0.9217620008712402,0.10818999908224214,152.4947850011813,249.29740200059314,49115136,48852992,201302016,4,4,1,1,"[10.0,20.0,30.0]","[0.0,0.0,0.0]",1000.0,192,192,"[2,5,0]",[],,,b57a3bead5fee5a0135f08ce0d8c5d55c670967639df708de9d6af4605128d3d
series,core-basic,lib3mf-public,False,29,ready,[],140.01909000035084,1.705066000795341,0.2396949985268293,0.9108200010814471,0.10573500003374647,149.86222900006396,244.3568620001315,49123328,48861184,201302016,4,4,1,1,"[10.0,20.0,30.0]","[0.0,0.0,0.0]",1000.0,192,192,"[2,5,0]",[],,,b57a3bead5fee5a0135f08ce0d8c5d55c670967639df708de9d6af4605128d3d
series,core-basic,current,False,29,ready,[],555.2102649999142,1.5429859995492734,0.14346900024975184,0.45300700003281236,0.09949800005415455,557.7453669993702,699.4283130006806,105680896,105467904,201302016,4,4,1,1,"[10.0,20.0,30.0]","[0.0,0.0,0.0]",1000.0,192,192,,,,,b57a3bead5fee5a0135f08ce0d8c5d55c670967639df708de9d6af4605128d3d
series,load-5000-copies-1,lib3mf-buffer,False,29,ready,[],138.65608100059035,8.51530699947034,0.5534249994525453,1.1760810011764988,0.204415999178309,157.23959999922954,257.6550249996217,49319936,49053696,201302016,5000,5000,1,1,"[24990.0,20.0,30.0]","[0.0,0.0,0.0]",1250000.0,240000,240000,"[2,5,0]",[],,,b57a3bead5fee5a0135f08ce0d8c5d55c670967639df708de9d6af4605128d3d
series,load-5000-copies-1,lib3mf-public,False,29,ready,[],140.0366790003318,8.780362999459612,17.309474998910446,1.1444820011092816,0.21239200032141525,176.8070540001645,272.65007399910246,51437568,51175424,201302016,5000,5000,1,1,"[24990.0,20.0,30.0]","[0.0,0.0,0.0]",1250000.0,240000,240000,"[2,5,0]",[],,,b57a3bead5fee5a0135f08ce0d8c5d55c670967639df708de9d6af4605128d3d
series,load-5000-copies-1,current,False,29,ready,[],561.0508879999543,20.184689999950933,14.007124000272597,0.50832899978559,0.22046999947633594,601.802511000642,772.2133700008271,115511296,115298304,201302016,5000,5000,1,1,"[24990.0,20.0,30.0]","[0.0,0.0,0.0]",1250000.0,240000,240000,,,,,b57a3bead5fee5a0135f08ce0d8c5d55c670967639df708de9d6af4605128d3d
series,load-20000-copies-1,lib3mf-buffer,False,29,ready,[],148.6701970006834,28.04625599856081,1.7110990011133254,1.040279998051119,0.7305380004254403,192.1082650005701,292.93190899988986,52293632,49532928,201302016,20000,20000,1,1,"[99990.0,20.0,30.0]","[0.0,0.0,0.0]",5000000.0,960000,960000,"[2,5,0]",[],,,b57a3bead5fee5a0135f08ce0d8c5d55c670967639df708de9d6af4605128d3d
series,load-20000-copies-1,lib3mf-public,False,29,ready,[],138.05847999901744,28.358759000184364,71.81421099994623,1.1577759996725945,0.9541780000290601,252.38633799926902,350.3057239995542,54857728,52006912,201302016,20000,20000,1,1,"[99990.0,20.0,30.0]","[0.0,0.0,0.0]",5000000.0,960000,960000,"[2,5,0]",[],,,b57a3bead5fee5a0135f08ce0d8c5d55c670967639df708de9d6af4605128d3d
series,load-20000-copies-1,current,False,29,ready,[],558.874715001366,78.96967900160234,64.90395999935572,0.6993490005697822,1.1644229998637456,727.5184380014252,875.5534020001505,145330176,144011264,201302016,20000,20000,1,1,"[99990.0,20.0,30.0]","[0.0,0.0,0.0]",5000000.0,960000,960000,,,,,b57a3bead5fee5a0135f08ce0d8c5d55c670967639df708de9d6af4605128d3d
large,core-basic,current,False,0,ready,[],645.1790129995061,2.153925997845363,0.2272120000270661,0.49049000153900124,0.13873799980501644,648.4789109999838,834.7330559990951,105664512,105451520,410566656,4,4,1,1,"[10.0,20.0,30.0]","[0.0,0.0,0.0]",1000.0,192,192,,,,,b57a3bead5fee5a0135f08ce0d8c5d55c670967639df708de9d6af4605128d3d
large,core-basic,lib3mf-public,False,0,ready,[],198.78323600096337,2.696619998459937,0.3301939996163128,1.6610850016149925,0.20718899941130076,216.19352100060496,346.47719700114976,49082368,48820224,410566656,4,4,1,1,"[10.0,20.0,30.0]","[0.0,0.0,0.0]",1000.0,192,192,"[2,5,0]",[],,,b57a3bead5fee5a0135f08ce0d8c5d55c670967639df708de9d6af4605128d3d
large,core-basic,lib3mf-buffer,False,0,ready,[],181.23993299923313,1.5852790002099937,0.2621530002215877,1.0039659991889494,0.11115400047856383,191.4611390002392,324.78644200091367,49143808,48877568,410566656,4,4,1,1,"[10.0,20.0,30.0]","[0.0,0.0,0.0]",1000.0,192,192,"[2,5,0]",[],,,b57a3bead5fee5a0135f08ce0d8c5d55c670967639df708de9d6af4605128d3d
large,load-200000-copies-1,current,False,0,ready,[],730.8469269992202,1036.0008909992757,1083.5468069999479,1.9749450002564117,10.59902199995122,3122.6001709983393,3353.572965001149,513929216,472244224,513929216,200000,200000,1,1,"[999990.0,20.0,30.0]","[0.0,0.0,0.0]",50000000.0,9600000,9600000,,,,,b57a3bead5fee5a0135f08ce0d8c5d55c670967639df708de9d6af4605128d3d
large,load-200000-copies-1,lib3mf-public,False,0,ready,[],209.68967600128963,294.48962900096376,997.411854999882,2.696991999982856,19.5940409994364,1595.9915170005843,1726.1782989990024,120258560,61698048,410566656,200000,200000,1,1,"[999990.0,20.0,30.0]","[0.0,0.0,0.0]",50000000.0,9600000,9600000,"[2,5,0]",[],,,b57a3bead5fee5a0135f08ce0d8c5d55c670967639df708de9d6af4605128d3d
large,load-200000-copies-1,lib3mf-buffer,False,0,ready,[],159.80155400029616,368.7474050002493,22.975249999944936,2.728893001403776,11.447239001427079,629.5798399987689,1103.8974540006166,96518144,56774656,410566656,200000,200000,1,1,"[999990.0,20.0,30.0]","[0.0,0.0,0.0]",50000000.0,9600000,9600000,"[2,5,0]",[],,,b57a3bead5fee5a0135f08ce0d8c5d55c670967639df708de9d6af4605128d3d
large,core-basic,lib3mf-buffer,False,1,ready,[],178.1331889997091,1.8290440002601827,0.2481459996488411,0.9278650013584411,0.10899300104938447,195.8606640000653,296.3451529994927,49123328,48857088,410566656,4,4,1,1,"[10.0,20.0,30.0]","[0.0,0.0,0.0]",1000.0,192,192,"[2,5,0]",[],,,b57a3bead5fee5a0135f08ce0d8c5d55c670967639df708de9d6af4605128d3d
large,core-basic,lib3mf-public,False,1,ready,[],142.39962400097284,1.6726100002415478,0.22524399901158176,0.9940160016412847,0.14130099953035824,152.6933460008877,256.2468940013787,49049600,48783360,410566656,4,4,1,1,"[10.0,20.0,30.0]","[0.0,0.0,0.0]",1000.0,192,192,"[2,5,0]",[],,,b57a3bead5fee5a0135f08ce0d8c5d55c670967639df708de9d6af4605128d3d
large,core-basic,current,False,1,ready,[],1041.5727800009336,1.6337580000254093,0.1350639995507663,0.4909759991278406,0.14222100071492605,1044.1852160001872,1190.6126409994613,105627648,105414656,410566656,4,4,1,1,"[10.0,20.0,30.0]","[0.0,0.0,0.0]",1000.0,192,192,,,,,b57a3bead5fee5a0135f08ce0d8c5d55c670967639df708de9d6af4605128d3d
large,load-200000-copies-1,lib3mf-buffer,False,1,ready,[],143.2121569996525,286.05372000129137,23.71835799931432,3.331504000016139,18.27250200039998,541.97682099948,683.8808869997592,96780288,56922112,410566656,200000,200000,1,1,"[999990.0,20.0,30.0]","[0.0,0.0,0.0]",50000000.0,9600000,9600000,"[2,5,0]",[],,,b57a3bead5fee5a0135f08ce0d8c5d55c670967639df708de9d6af4605128d3d
large,load-200000-copies-1,lib3mf-public,False,1,ready,[],147.29890799935674,275.11543100081326,904.4563409988768,2.311480000571464,12.56125100007921,1398.2228799995937,1504.5145149997552,120348672,61558784,410566656,200000,200000,1,1,"[999990.0,20.0,30.0]","[0.0,0.0,0.0]",50000000.0,9600000,9600000,"[2,5,0]",[],,,b57a3bead5fee5a0135f08ce0d8c5d55c670967639df708de9d6af4605128d3d
large,load-200000-copies-1,current,False,1,ready,[],553.581504000249,728.912323997065,642.6663090023794,1.666980000663898,8.901101000446943,2153.6872340002446,2383.4126480014675,513839104,472256512,513839104,200000,200000,1,1,"[999990.0,20.0,30.0]","[0.0,0.0,0.0]",50000000.0,9600000,9600000,,,,,b57a3bead5fee5a0135f08ce0d8c5d55c670967639df708de9d6af4605128d3d
large,core-basic,current,False,2,ready,[],575.4166160004388,1.6860160012583947,0.141652999445796,0.46948099952714983,0.10347699935664423,578.0657489995065,740.9706269991148,105607168,105394176,410566656,4,4,1,1,"[10.0,20.0,30.0]","[0.0,0.0,0.0]",1000.0,192,192,,,,,b57a3bead5fee5a0135f08ce0d8c5d55c670967639df708de9d6af4605128d3d
large,core-basic,lib3mf-public,False,2,ready,[],160.300470999573,2.0696259998658206,0.24113700055750087,1.0883939994528191,0.14677000035590027,171.99358600009873,290.34198699991975,49078272,48812032,410566656,4,4,1,1,"[10.0,20.0,30.0]","[0.0,0.0,0.0]",1000.0,192,192,"[2,5,0]",[],,,b57a3bead5fee5a0135f08ce0d8c5d55c670967639df708de9d6af4605128d3d
large,core-basic,lib3mf-buffer,False,2,ready,[],169.30944899831957,1.8950169996969635,0.21247900076559745,1.003442999717663,0.11698700109263882,179.98642999918957,303.52880300051766,49111040,48844800,410566656,4,4,1,1,"[10.0,20.0,30.0]","[0.0,0.0,0.0]",1000.0,192,192,"[2,5,0]",[],,,b57a3bead5fee5a0135f08ce0d8c5d55c670967639df708de9d6af4605128d3d
large,load-200000-copies-1,current,False,2,ready,[],656.5771509995102,820.546982000451,677.4827180015563,1.7481440008850768,9.136404998571379,2397.9254129990295,2626.69313600054,513912832,472150016,513912832,200000,200000,1,1,"[999990.0,20.0,30.0]","[0.0,0.0,0.0]",50000000.0,9600000,9600000,,,,,b57a3bead5fee5a0135f08ce0d8c5d55c670967639df708de9d6af4605128d3d
large,load-200000-copies-1,lib3mf-public,False,2,ready,[],147.1630889991502,284.49991599882196,981.0415039992222,2.35558400163427,18.302376000065124,1503.4751980001602,1611.4061520001997,120250368,61587456,410566656,200000,200000,1,1,"[999990.0,20.0,30.0]","[0.0,0.0,0.0]",50000000.0,9600000,9600000,"[2,5,0]",[],,,b57a3bead5fee5a0135f08ce0d8c5d55c670967639df708de9d6af4605128d3d
large,load-200000-copies-1,lib3mf-buffer,False,2,ready,[],141.86813500054996,268.6015409999527,24.27484800136881,2.729016998273437,18.83854799962137,525.3244579998864,636.8296739983634,96751616,56766464,410566656,200000,200000,1,1,"[999990.0,20.0,30.0]","[0.0,0.0,0.0]",50000000.0,9600000,9600000,"[2,5,0]",[],,,b57a3bead5fee5a0135f08ce0d8c5d55c670967639df708de9d6af4605128d3d
instances,core-basic,current,False,0,ready,[],599.3812280012207,1.929502001075889,0.22793800053477753,0.5217859998083441,0.14998499864304904,602.4347020011191,752.9843279990018,105615360,105402368,182812672,4,4,1,1,"[10.0,20.0,30.0]","[0.0,0.0,0.0]",1000.0,192,192,,,,,b57a3bead5fee5a0135f08ce0d8c5d55c670967639df708de9d6af4605128d3d
instances,core-basic,lib3mf-public,False,0,ready,[],146.22831700035022,1.5340329991886392,0.2181410000048345,0.9036869996634778,0.11192700003448408,155.68922000056773,259.0525860014168,49049600,48783360,182812672,4,4,1,1,"[10.0,20.0,30.0]","[0.0,0.0,0.0]",1000.0,192,192,"[2,5,0]",[],,,b57a3bead5fee5a0135f08ce0d8c5d55c670967639df708de9d6af4605128d3d
instances,core-basic,lib3mf-buffer,False,0,ready,[],147.1011899993755,1.5511729998252122,0.20906099962303415,0.9148080007435055,0.10570400081633125,157.05275899927074,252.93298599899572,49180672,48914432,182812672,4,4,1,1,"[10.0,20.0,30.0]","[0.0,0.0,0.0]",1000.0,192,192,"[2,5,0]",[],,,b57a3bead5fee5a0135f08ce0d8c5d55c670967639df708de9d6af4605128d3d
instances,load-5000-copies-64,current,False,0,ready,[],595.5746649997309,21.172806000322453,14.142379000986693,4.659948999687913,29.47341700019024,767.2440419992199,926.1225379996176,173326336,115298304,182812672,320000,320000,1,64,"[24990.0,20.0,30.0]","[0.0,0.0,0.0]",80000000.0,240000,15360000,,,,,b57a3bead5fee5a0135f08ce0d8c5d55c670967639df708de9d6af4605128d3d
instances,load-5000-copies-64,lib3mf-public,False,0,ready,[],144.5055290005257,8.596702000431833,16.860681998878135,13.861896999515011,20.761215000675293,305.63359900042997,408.8908529993205,114884608,51113984,182812672,320000,320000,1,64,"[24990.0,20.0,30.0]","[0.0,0.0,0.0]",80000000.0,240000,15360000,"[2,5,0]",[],,,b57a3bead5fee5a0135f08ce0d8c5d55c670967639df708de9d6af4605128d3d
instances,load-5000-copies-64,lib3mf-buffer,False,0,ready,[],141.38644900049258,8.423453999057529,0.57402499987802,13.748439001574297,20.337787998869317,270.55634800126427,376.5857770013099,113012736,49324032,182812672,320000,320000,1,64,"[24990.0,20.0,30.0]","[0.0,0.0,0.0]",80000000.0,240000,15360000,"[2,5,0]",[],,,b57a3bead5fee5a0135f08ce0d8c5d55c670967639df708de9d6af4605128d3d
instances,core-basic,lib3mf-buffer,False,1,ready,[],202.00228300018352,1.4543369998136768,0.177285999598098,0.8681489998707548,0.1040639999700943,211.36637100062217,312.8895930003637,49115136,48848896,182812672,4,4,1,1,"[10.0,20.0,30.0]","[0.0,0.0,0.0]",1000.0,192,192,"[2,5,0]",[],,,b57a3bead5fee5a0135f08ce0d8c5d55c670967639df708de9d6af4605128d3d
instances,core-basic,lib3mf-public,False,1,ready,[],138.5358819989051,1.4460649999818997,0.22354800057655666,0.8612049987277715,0.11202899986528791,147.93489600015164,246.54314700092073,49012736,48750592,182812672,4,4,1,1,"[10.0,20.0,30.0]","[0.0,0.0,0.0]",1000.0,192,192,"[2,5,0]",[],,,b57a3bead5fee5a0135f08ce0d8c5d55c670967639df708de9d6af4605128d3d
instances,core-basic,current,False,1,ready,[],584.8850719994516,1.7336429991701152,0.1755499997670995,0.4435210012161406,0.12009700003545731,587.5777559995186,734.7973810010444,105684992,105472000,182812672,4,4,1,1,"[10.0,20.0,30.0]","[0.0,0.0,0.0]",1000.0,192,192,,,,,b57a3bead5fee5a0135f08ce0d8c5d55c670967639df708de9d6af4605128d3d
instances,load-5000-copies-64,lib3mf-buffer,False,1,ready,[],153.47671500057913,8.51503500052786,0.5726050003431737,13.357922998693539,20.134615999268135,299.7845840000082,405.7054720015003,112996352,49311744,182812672,320000,320000,1,64,"[24990.0,20.0,30.0]","[0.0,0.0,0.0]",80000000.0,240000,15360000,"[2,5,0]",[],,,b57a3bead5fee5a0135f08ce0d8c5d55c670967639df708de9d6af4605128d3d
instances,load-5000-copies-64,lib3mf-public,False,1,ready,[],149.39730100013549,9.308941000199411,17.068876999474014,16.782013000920415,21.543917000599322,315.5458749988611,434.19509600062156,114810880,51105792,182812672,320000,320000,1,64,"[24990.0,20.0,30.0]","[0.0,0.0,0.0]",80000000.0,240000,15360000,"[2,5,0]",[],,,b57a3bead5fee5a0135f08ce0d8c5d55c670967639df708de9d6af4605128d3d
instances,load-5000-copies-64,current,False,1,ready,[],556.442220999088,21.745406000263756,14.295413999207085,4.421016999913263,20.695682000223314,698.4985969993431,847.9938339987712,173678592,115380224,182812672,320000,320000,1,64,"[24990.0,20.0,30.0]","[0.0,0.0,0.0]",80000000.0,240000,15360000,,,,,b57a3bead5fee5a0135f08ce0d8c5d55c670967639df708de9d6af4605128d3d
instances,core-basic,current,False,2,ready,[],558.5829279989412,1.6743110008974327,0.13755899999523535,0.4174799996690126,0.10120399929292034,561.1179329989682,710.8674570008588,105607168,105394176,182812672,4,4,1,1,"[10.0,20.0,30.0]","[0.0,0.0,0.0]",1000.0,192,192,,,,,b57a3bead5fee5a0135f08ce0d8c5d55c670967639df708de9d6af4605128d3d
instances,core-basic,lib3mf-public,False,2,ready,[],160.24911899876315,2.2596809994865907,0.2867620005417848,1.086284999473719,0.12550899919006042,173.87307299941313,293.5375010001735,49029120,48762880,182812672,4,4,1,1,"[10.0,20.0,30.0]","[0.0,0.0,0.0]",1000.0,192,192,"[2,5,0]",[],,,b57a3bead5fee5a0135f08ce0d8c5d55c670967639df708de9d6af4605128d3d
instances,core-basic,lib3mf-buffer,False,2,ready,[],149.22838900019997,1.5800509991095169,0.18218799959868193,1.016636999338516,0.10753599963209126,159.54732800128113,268.6780509993696,49131520,48865280,182812672,4,4,1,1,"[10.0,20.0,30.0]","[0.0,0.0,0.0]",1000.0,192,192,"[2,5,0]",[],,,b57a3bead5fee5a0135f08ce0d8c5d55c670967639df708de9d6af4605128d3d
instances,load-5000-copies-64,current,False,2,ready,[],578.1136890000198,21.19853599833732,15.456453000297188,4.606575001162128,21.33619800042652,742.5278020000405,898.1059079997067,173486080,115253248,182812672,320000,320000,1,64,"[24990.0,20.0,30.0]","[0.0,0.0,0.0]",80000000.0,240000,15360000,,,,,b57a3bead5fee5a0135f08ce0d8c5d55c670967639df708de9d6af4605128d3d
instances,load-5000-copies-64,lib3mf-public,False,2,ready,[],139.55456199983018,8.444774000963662,17.50238999920839,14.269679000790347,21.358358999350457,309.0584969995689,407.1003729986842,114823168,51150848,182812672,320000,320000,1,64,"[24990.0,20.0,30.0]","[0.0,0.0,0.0]",80000000.0,240000,15360000,"[2,5,0]",[],,,b57a3bead5fee5a0135f08ce0d8c5d55c670967639df708de9d6af4605128d3d
instances,load-5000-copies-64,lib3mf-buffer,False,2,ready,[],145.10955500009004,8.551390999855357,0.5752600009145681,14.25885399839899,20.981319999918924,277.56869699987874,375.84331200014276,112918528,49311744,182812672,320000,320000,1,64,"[24990.0,20.0,30.0]","[0.0,0.0,0.0]",80000000.0,240000,15360000,"[2,5,0]",[],,,b57a3bead5fee5a0135f08ce0d8c5d55c670967639df708de9d6af4605128d3d
